Year,Rank,Title,Genre,Critic_Rating,Audience_Rating
2000,1,Chicken Run (2000),"['animation', 'comedy', 'kids and family', 'adventure']",97,65
2000,4,Memento (2000),['mystery and thriller'],93,94
2000,5,Traffic (2000),"['crime', 'drama']",93,85
2000,6,The Life and Times of Hank Greenberg (2000),"['biography', 'documentary']",97,80
2000,7,You Can Count On Me (2000),['drama'],95,88
2000,8,Best in Show (2000),"['gay and lesbian', 'comedy']",94,89
2000,9,Croupier (2000),['mystery and thriller'],96,79
2000,11,High Fidelity (2000),['romance'],91,90
2000,12,Dark Days (2000),['documentary'],94,89
2000,13,The Filth and the Fury (2000),['documentary'],95,88
2000,14,Almost Famous (2000),"['drama', 'music', 'comedy']",89,92
2000,15,Cast Away (2000),"['adventure', 'drama']",89,84
2000,16,Panic (2000),['drama'],91,62
2000,18,Sexy Beast (2000),"['drama', 'comedy']",87,85
2000,19,Girlfight (2000),['drama'],88,75
2000,20,Aimée & Jaguar (2000),"['mystery and thriller', 'comedy']",90,89
2000,21,Wattstax (2000),"['documentary', 'music']",90,90
2000,23,The Emperor's New Groove (2000),"['comedy', 'kids and family', 'animation']",85,83
2000,24,Meet the Parents (2000),['comedy'],84,79
2000,25,Erin Brockovich (2000),['drama'],84,81
2000,28,State and Main (2000),['comedy'],85,70
2000,29,Nico and Dani (Krámpack) (2000),['drama'],87,70
2000,30,X-Men (2000),"['sci fi', 'fantasy', 'action', 'adventure']",82,83
2000,31,Nurse Betty (2000),['comedy'],83,45
2000,32,Thirteen Days (2000),"['drama', 'history']",83,80
2000,33,Shadow of the Vampire (2000),['drama'],82,74
2000,35,Chuck & Buck (2000),"['drama', 'gay and lesbian', 'comedy']",84,66
2000,36,The Original Kings of Comedy (2000),"['documentary', 'comedy']",83,79
2000,38,Ghost Dog - The Way of the Samurai (2000),"['crime', 'drama']",83,86
2000,39,Love and Basketball (2000),['romance'],83,95
2000,40,George Washington (2000),['drama'],84,85
2000,41,Wonder Boys (2000),"['drama', 'comedy']",81,83
2000,42,The House of Mirth (2000),"['drama', 'history']",82,73
2000,43,Pollock (2000),['drama'],81,74
2000,44,Gladiator (2000),"['drama', 'action', 'history', 'adventure']",77,87
2000,45,Lakeboat (2000),['drama'],83,61
2000,46,Requiem for a Dream (2000),['drama'],79,93
2000,47,Shanghai Noon (2000),"['action', 'comedy', 'adventure', 'western']",79,65
2000,48,Fantasia 2000 (2000),"['music', 'musical', 'kids and family', 'animation']",81,75
2000,50,"O Brother, Where Art Thou? (2000)","['drama', 'comedy']",77,89
2000,51,Space Cowboys (2000),"['drama', 'comedy', 'adventure']",78,53
2000,52,The Tao of Steve (2000),['romance'],80,69
2000,53,The Contender (2000),['mystery and thriller'],76,73
2000,54,The Virgin Suicides (2000),['drama'],77,81
2000,55,Quills (2000),['drama'],75,83
2000,56,Keep the River on Your Right (2000),['documentary'],78,50
2000,57,Finding Forrester (2000),['drama'],74,79
2000,58,Rugrats in Paris - The Movie (2000),"['animation', 'kids and family', 'adventure']",76,56
2000,59,Tigerland (2000),['drama'],77,71
2000,60,Remember the Titans (2000),['drama'],73,93
2000,61,Unbreakable (2000),['mystery and thriller'],70,77
2000,63,Sunshine (2000),"['drama', 'history']",74,81
2000,64,My Dog Skip (2000),"['drama', 'kids and family']",73,68
2000,65,The Big Kahuna (2000),"['drama', 'comedy']",73,71
2000,66,American Psycho (2000),"['horror', 'comedy']",70,85
2000,67,Frequency (2000),['fantasy'],70,81
2000,68,Charlie's Angels (2000),"['action', 'comedy']",68,45
2000,69,Dancer in the Dark (2000),['drama'],69,91
2000,70,Keeping the Faith (2000),['romance'],69,59
2000,71,Gangster No. 1 (2000),"['crime', 'drama']",71,77
2000,73,U-571 (2000),['mystery and thriller'],68,62
2000,74,Grateful Dawg (2000),['documentary'],70,81
2000,75,Timecode (2000),['drama'],68,48
2000,76,Shaft (2000),['action'],66,41
2000,77,About Adam (2000),['romance'],68,47
2000,78,Boiler Room (2000),['drama'],66,78
2000,79,Small Time Crooks (2000),['romance'],66,57
2000,80,Dinosaur (2000),"['kids and family', 'adventure']",64,48
2000,81,The Yards (2000),"['crime', 'drama']",64,51
2000,82,Bring It On (2000),['comedy'],63,66
2000,83,Anywhere but Here (2000),"['drama', 'comedy']",64,55
2000,84,The Patriot (2000),"['drama', 'war', 'action', 'history']",62,81
2000,85,Chocolat (2000),['drama'],62,83
2000,86,Saving Grace (2000),['comedy'],63,83
2000,88,Return to Me (2000),['romance'],62,79
2000,89,Wonderland (2000),['drama'],63,85
2000,90,The Claim (2000),['drama'],62,48
2000,91,The Tigger Movie (2000),"['animation', 'kids and family', 'adventure']",62,62
2000,92,Pitch Black (2000),"['sci fi', 'horror']",60,77
2000,93,Mission: Impossible 2 (2000),"['mystery and thriller', 'action', 'adventure']",57,42
2000,95,Hamlet (2000),['drama'],59,46
2000,97,The Gift (2000),['mystery and thriller'],57,55
2000,98,Road Trip (2000),['comedy'],58,65
2000,99,Dr. T and the Women (2000),"['romance', 'gay and lesbian']",57,20
2001,1,"Monsters, Inc. (2001)","['fantasy', 'comedy', 'animation', 'adventure', 'kids and family']",96,90
2001,3,The Lord of the Rings: The Fellowship of the Ring (2001),"['fantasy', 'adventure']",91,95
2001,4,The Dish (2001),['comedy'],96,81
2001,8,Ghost World (2001),"['drama', 'comedy']",93,84
2001,9,In the Bedroom (2001),['drama'],93,81
2001,11,Spy Kids (2001),"['action', 'kids and family', 'adventure']",93,46
2001,12,The Endurance (2001),['documentary'],95,88
2001,15,No Man's Land (2001),"['war', 'comedy']",93,93
2001,16,Last Resort (2001),['romance'],94,86
2001,17,Startup.com (2001),['documentary'],93,73
2001,20,Hedwig and the Angry Inch (2001),"['gay and lesbian', 'musical']",92,93
2001,22,Apocalypse Now Redux (2001),"['drama', 'war']",93,91
2001,24,Shrek (2001),"['animation', 'comedy', 'kids and family', 'fantasy']",88,90
2001,26,Dogtown and Z-Boys (2001),['documentary'],92,88
2001,33,Our Song (2001),['drama'],91,81
2001,35,Dinner Rush (2001),"['drama', 'comedy']",91,85
2001,38,Ginger Snaps (2001),"['horror', 'mystery and thriller']",90,78
2001,39,Gosford Park (2001),"['drama', 'mystery and thriller', 'comedy']",86,78
2001,41,Life And Debt (2001),['documentary'],90,90
2001,42,Trembling Before G-d (2001),['documentary'],89,74
2001,46,Donnie Darko (2001),"['sci fi', 'fantasy']",86,80
2001,48,Mulholland Drive (2001),['mystery and thriller'],83,87
2001,49,Ocean's Eleven (2001),"['drama', 'crime', 'comedy']",83,80
2001,51,The Others (2001),"['horror', 'mystery and thriller']",83,77
2001,55,Harry Potter and the Sorcerer's Stone (2001),"['adventure', 'kids and family', 'fantasy']",81,82
2001,58,Thirteen Conversations About One Thing (2001),['drama'],83,71
2001,59,L.I.E. (2001),['drama'],84,78
2001,60,Rain (2001),['drama'],85,84
2001,61,The Man Who Wasn't There (2001),"['crime', 'drama']",81,85
2001,63,Waking Life (2001),"['drama', 'animation']",81,87
2001,64,The Deep End (2001),"['drama', 'gay and lesbian']",82,59
2001,65,Go Tigers! (2001),['documentary'],85,68
2001,66,Bridget Jones's Diary (2001),['romance'],80,81
2001,68,The Business of Strangers (2001),['drama'],81,51
2001,69,Innocence (2001),"['drama', 'romance']",81,67
2001,70,Moulin Rouge! (2001),"['drama', 'musical']",76,89
2001,71,Diamond Men (2001),"['drama', 'comedy']",81,58
2001,73,Iris (2001),['drama'],79,73
2001,74,Jump Tomorrow (2001),['romance'],81,88
2001,75,The Pledge (2001),"['crime', 'mystery and thriller', 'drama']",78,59
2001,76,Black Hawk Down (2001),"['drama', 'war']",76,88
2001,77,A Beautiful Mind (2001),"['drama', 'biography']",74,93
2001,78,A.I. Artificial Intelligence (2001),"['fantasy', 'drama', 'sci fi']",74,64
2001,79,The Tailor of Panama (2001),['mystery and thriller'],77,46
2001,80,Tape (2001),['drama'],77,76
2001,81,The Cat's Meow (2001),"['mystery and thriller', 'drama']",75,51
2001,83,Training Day (2001),"['crime', 'mystery and thriller', 'drama']",73,89
2001,84,Snatch (2001),"['drama', 'comedy']",73,93
2001,85,Joy Ride (2001),['mystery and thriller'],74,65
2001,86,The Score (2001),['mystery and thriller'],73,67
2001,88,Buffalo Soldiers (2001),"['drama', 'comedy']",73,72
2001,89,Songcatcher (2001),['drama'],74,78
2001,91,Jimmy Neutron - Boy Genius (2001),"['fantasy', 'sci fi', 'comedy', 'animation', 'kids and family']",74,53
2001,92,Before Night Falls (2001),"['drama', 'gay and lesbian']",73,84
2001,93,Tortilla Soup (2001),['romance'],74,71
2001,97,Chopper (2001),['drama'],73,89
2001,98,Legally Blonde (2001),['comedy'],70,72
2001,99,Made (2001),"['drama', 'comedy']",71,67
2001,100,Baby Boy (2001),['drama'],71,87
2002,1,The Lord of the Rings: The Two Towers (2002),"['fantasy', 'adventure']",95,95
2002,3,Catch Me If You Can (2002),"['drama', 'crime', 'comedy']",96,89
2002,4,Spellbound (2002),"['documentary', 'mystery and thriller', 'comedy']",97,83
2002,5,Rivers and Tides: Andy Goldsworthy Working With Time (2002),['documentary'],99,90
2002,7,The Pianist (2002),"['drama', 'war', 'history']",95,96
2002,8,Bowling for Columbine (2002),['documentary'],95,83
2002,10,About a Boy (2002),"['comedy', 'drama', 'romance']",93,55
2002,11,Monsoon Wedding (2002),"['drama', 'comedy']",95,87
2002,12,Insomnia (2002),"['crime', 'mystery and thriller', 'drama']",92,77
2002,13,Minority Report (2002),"['sci fi', 'mystery and thriller', 'action']",90,80
2002,14,Spider-Man (2002),"['action', 'fantasy']",90,67
2002,15,Adaptation (2002),"['comedy', 'drama']",91,85
2002,16,Promises (2002),['documentary'],96,96
2002,17,The Trials of Henry Kissinger (2002),['documentary'],95,78
2002,21,Bloody Sunday (2002),"['drama', 'history']",92,91
2002,24,The Kid Stays in the Picture (2002),['documentary'],91,80
2002,25,Chicago (2002),"['drama', 'musical']",86,83
2002,26,Scratch (2002),['documentary'],93,93
2002,28,Standing in the Shadows of Motown (2002),['documentary'],91,89
2002,31,Lantana (2002),['drama'],90,82
2002,32,The Weather Underground (2002),['documentary'],91,87
2002,33,Rabbit-Proof Fence (2002),"['drama', 'adventure']",88,86
2002,36,The Cockettes (2002),['documentary'],91,83
2002,37,Roger Dodger (2002),"['drama', 'comedy']",88,76
2002,38,About Schmidt (2002),"['comedy', 'drama']",85,74
2002,40,Lilo & Stitch (2002),"['comedy', 'kids and family', 'animation']",86,77
2002,42,Lovely & Amazing (2002),"['drama', 'comedy']",86,63
2002,43,I Am Trying to Break Your Heart (2002),['documentary'],88,90
2002,44,Harry Potter and the Chamber of Secrets (2002),"['adventure', 'kids and family', 'fantasy']",82,80
2002,45,Monster's Ball (2002),['drama'],85,67
2002,46,Spider (2002),"['drama', 'mystery and thriller']",85,68
2002,47,The Bourne Identity (2002),"['mystery and thriller', 'action']",83,93
2002,48,24 Hour Party People (2002),"['drama', 'comedy']",86,87
2002,49,Narc (2002),"['crime', 'mystery and thriller', 'drama']",84,79
2002,50,The Rookie (2002),['drama'],84,70
2002,52,Lawless Heart (2002),"['drama', 'comedy']",87,58
2002,53,One Hour Photo (2002),"['drama', 'mystery and thriller']",82,65
2002,54,Metropolis (2002),"['sci fi', 'animation']",86,81
2002,55,Road to Perdition (2002),"['crime', 'drama']",81,86
2002,59,The Good Girl (2002),"['drama', 'comedy']",82,59
2002,60,Barbershop (2002),['comedy'],83,62
2002,61,Kissing Jessica Stein (2002),"['romance', 'gay and lesbian']",83,65
2002,62,The Royal Tenenbaums (2002),"['drama', 'comedy']",80,89
2002,64,Real Women Have Curves (2002),"['drama', 'comedy']",84,75
2002,65,Morvern Callar (2002),['drama'],84,74
2002,66,The Hours (2002),['drama'],80,84
2002,68,The Believer (2002),['drama'],83,82
2002,69,Punch-Drunk Love (2002),['romance'],79,77
2002,70,Stuart Little 2 (2002),"['comedy', 'kids and family', 'fantasy']",81,41
2002,71,All or Nothing (2002),['drama'],82,81
2002,73,Drumline (2002),"['comedy', 'music', 'drama']",82,70
2002,75,Better Luck Tomorrow (2002),"['crime', 'drama']",81,79
2002,76,Antwone Fisher (2002),['drama'],79,86
2002,78,Sunshine State (2002),['drama'],80,58
2002,79,Gigantic (2002),['documentary'],82,89
2002,81,The Wild Thornberrys Movie (2002),"['animation', 'comedy', 'kids and family', 'adventure']",80,51
2002,82,Tully (2002),['drama'],81,76
2002,83,Ice Age (2002),"['animation', 'comedy', 'kids and family', 'adventure']",77,82
2002,85,Nicholas Nickleby (2002),['drama'],78,75
2002,86,Panic Room (2002),['mystery and thriller'],76,63
2002,87,8 Mile (2002),"['drama', 'music']",75,54
2002,88,Changing Lanes (2002),"['drama', 'mystery and thriller']",77,53
2002,89,Last Orders (2002),['drama'],79,73
2002,90,Signs (2002),"['sci fi', 'mystery and thriller']",74,67
2002,91,Biggie and Tupac (2002),['documentary'],80,73
2002,92,Tadpole (2002),['comedy'],78,57
2002,94,Undercover Brother (2002),['comedy'],77,64
2002,95,Secretary (2002),['drama'],76,82
2002,96,Gangs of New York (2002),"['drama', 'history']",74,81
2002,97,The Dangerous Lives of Altar Boys (2002),['drama'],77,79
2002,98,Igby Goes Down (2002),['comedy'],76,80
2002,99,My Big Fat Greek Wedding (2002),['romance'],76,73
2002,100,Frida (2002),"['drama', 'biography']",75,85
2003,1,Finding Nemo (2003),"['animation', 'comedy', 'kids and family', 'adventure']",99,86
2003,2,Lost In Translation (2003),"['drama', 'comedy']",95,85
2003,3,The Lord of the Rings: The Return of the King (2003),"['fantasy', 'adventure']",93,86
2003,4,Capturing the Friedmans (2003),"['biography', 'documentary']",97,89
2003,5,The Fog of War: Eleven Lessons from the Life of Robert S. McNamara (2003),['documentary'],96,93
2003,6,American Splendor (2003),"['drama', 'biography', 'comedy']",94,86
2003,7,Sweet Sixteen (2003),['drama'],97,88
2003,8,Raising Victor Vargas (2003),"['drama', 'comedy']",96,83
2003,10,Chavez: Inside the Coup (2003),['documentary'],98,92
2003,12,The Station Agent (2003),['drama'],94,89
2003,15,Dirty Pretty Things (2003),"['crime', 'mystery and thriller', 'drama']",94,82
2003,16,Festival Express (2003),"['documentary', 'music']",96,85
2003,17,School of Rock (2003),['comedy'],91,64
2003,18,Shattered Glass (2003),['drama'],92,79
2003,19,Los Angeles Plays Itself (2003),['documentary'],96,85
2003,20,Lost in La Mancha (2003),['documentary'],94,77
2003,24,Whale Rider (2003),"['drama', 'kids and family']",91,88
2003,26,The Magdalene Sisters (2003),['drama'],91,89
2003,29,Far From Heaven (2003),"['drama', 'gay and lesbian']",88,80
2003,30,In America (2003),['drama'],89,91
2003,31,Mystic River (2003),"['crime', 'drama']",88,89
2003,32,28 Days Later (2003),"['horror', 'sci fi']",87,85
2003,33,Baadasssss! (2003),['drama'],91,84
2003,35,Stevie (2003),['documentary'],91,88
2003,38,X2: X-Men United (2003),"['sci fi', 'fantasy', 'action', 'adventure']",85,85
2003,39,Freaky Friday (2003),"['comedy', 'kids and family']",88,57
2003,40,Kill Bill: Volume 1 (2003),"['action', 'sports and fitness']",85,81
2003,41,A Mighty Wind (2003),['comedy'],87,75
2003,42,Master and Commander: The Far Side of the World (2003),"['drama', 'war', 'adventure']",85,80
2003,43,The Quiet American (2003),['drama'],87,72
2003,45,In This World (2003),['drama'],89,88
2003,47,Elf (2003),"['other', 'comedy', 'kids and family', 'fantasy']",84,79
2003,48,Bend It Like Beckham (2003),['comedy'],85,73
2003,51,Funny Ha Ha (2003),"['drama', 'comedy']",88,64
2003,52,Pieces of April (2003),"['drama', 'comedy']",84,73
2003,54,Dracula: Pages From a Virgin's Diary (2003),['horror'],87,73
2003,57,Matchstick Men (2003),['comedy'],82,74
2003,58,The Secret Lives of Dentists (2003),"['drama', 'comedy']",85,58
2003,61,Tibet: Cry of the Snow Lion (2003),['documentary'],86,90
2003,65,Bad Santa (2003),"['crime', 'other', 'comedy', 'drama']",79,75
2003,66,Pirates of the Caribbean: The Curse of the Black Pearl (2003),"['fantasy', 'adventure', 'action']",79,86
2003,68,Thirteen (2003),['drama'],81,77
2003,69,Gloomy Sunday (2003),"['drama', 'history']",84,92
2003,70,21 Grams (2003),['drama'],80,86
2003,72,Bukowski: Born into This (2003),['documentary'],84,89
2003,73,Stone Reader (2003),['documentary'],83,71
2003,74,Open Range (2003),"['drama', 'western']",79,84
2003,75,Amandla! A Revolution in Four-Part Harmony (2003),['documentary'],83,88
2003,76,Seabiscuit (2003),['drama'],78,76
2003,77,Confessions of a Dangerous Mind (2003),"['drama', 'biography', 'comedy']",79,75
2003,79,25th Hour (2003),['drama'],78,85
2003,80,Step Into Liquid (2003),['documentary'],81,93
2003,81,Ghosts of the Abyss (2003),['documentary'],80,67
2003,83,Blue Car (2003),['drama'],80,65
2003,84,The Cooler (2003),"['drama', 'romance']",77,69
2003,85,Holes (2003),"['kids and family', 'adventure']",78,76
2003,86,Stoked: The Rise and Fall of Gator (2003),['documentary'],81,74
2003,87,Bubba Ho-Tep (2003),"['horror', 'comedy']",79,79
2003,88,Charlotte Sometimes (2003),['drama'],81,73
2003,89,Big Fish (2003),['drama'],75,89
2003,91,Owning Mahowny (2003),['drama'],79,75
2003,92,The Good Thief (2003),"['crime', 'drama']",77,62
2003,93,Peter Pan (2003),"['fantasy', 'adventure', 'kids and family']",77,74
2003,95,I Capture the Castle (2003),"['drama', 'romance']",79,76
2003,96,Intolerable Cruelty (2003),['romance'],75,48
2003,97,The Matrix Reloaded (2003),"['sci fi', 'action']",73,72
2003,98,Tupac: Resurrection (2003),['documentary'],78,90
2003,99,House of Sand and Fog (2003),['drama'],74,83
2003,100,The Italian Job (2003),"['mystery and thriller', 'crime', 'drama', 'action']",73,80
2004,1,The Incredibles (2004),"['animation', 'comedy', 'kids and family', 'adventure']",97,75
2004,2,Sideways (2004),"['drama', 'comedy']",97,79
2004,3,Spider-Man 2 (2004),"['fantasy', 'action', 'adventure']",93,82
2004,5,Maria Full of Grace (2004),['drama'],97,87
2004,8,Eternal Sunshine of the Spotless Mind (2004),"['sci fi', 'romance']",93,94
2004,9,Before Sunset (2004),"['drama', 'romance']",95,91
2004,10,Million Dollar Baby (2004),['drama'],91,90
2004,12,Shaun of the Dead (2004),"['horror', 'comedy']",92,93
2004,15,Touching the Void (2004),"['drama', 'adventure']",94,92
2004,16,Born Into Brothels (2004),"['biography', 'documentary']",95,91
2004,17,Harry Potter and the Prisoner of Azkaban (2004),"['adventure', 'kids and family', 'fantasy']",90,86
2004,19,Plagues & Pleasures on the Salton Sea (2004),['documentary'],96,86
2004,20,Super Size Me (2004),['documentary'],92,72
2004,21,Hotel Rwanda (2004),['drama'],91,94
2004,23,Vera Drake (2004),['drama'],92,84
2004,24,End of the Century: The Story of the Ramones (2004),['documentary'],95,93
2004,25,Shrek 2 (2004),"['animation', 'comedy', 'kids and family', 'fantasy']",89,69
2004,26,Kinsey (2004),"['drama', 'biography', 'history']",90,75
2004,27,Lost Boys of Sudan (2004),['documentary'],95,83
2004,28,The Agronomist (2004),['documentary'],94,88
2004,29,Riding Giants (2004),['documentary'],93,94
2004,31,My Architect (2004),['documentary'],93,83
2004,32,Tarnation (2004),['documentary'],92,82
2004,35,Collateral (2004),"['crime', 'mystery and thriller', 'drama']",86,84
2004,36,The Corporation (2004),['documentary'],90,90
2004,39,The Aviator (2004),"['drama', 'biography', 'history']",86,79
2004,40,Mean Creek (2004),['drama'],89,82
2004,41,My Summer of Love (2004),"['drama', 'gay and lesbian']",90,69
2004,43,Metallica: Some Kind of Monster (2004),['documentary'],89,83
2004,46,The Woodsman (2004),['drama'],88,77
2004,47,Garden State (2004),['comedy'],86,88
2004,48,Kill Bill: Volume 2 (2004),"['action', 'sports and fitness']",84,89
2004,49,Going Upriver: The Long War of John Kerry (2004),['documentary'],89,69
2004,50,Dig! (2004),['documentary'],89,90
2004,52,Donnie Darko: The Director's Cut (2004),"['drama', 'romance']",90,90
2004,55,James' Journey to Jerusalem (2004),['drama'],90,90
2004,56,Guerrilla: The Taking of Patty Hearst (2004),['documentary'],89,83
2004,58,Mean Girls (2004),['comedy'],84,66
2004,60,Finding Neverland (2004),"['kids and family', 'biography', 'drama']",83,87
2004,61,Fahrenheit 9/11 (2004),['documentary'],82,70
2004,62,Touch The Sound (2004),['documentary'],88,73
2004,63,Mayor of the Sunset Strip (2004),['documentary'],87,76
2004,65,Lightning in a Bottle (2004),['documentary'],87,88
2004,66,In Good Company (2004),"['drama', 'comedy']",83,54
2004,67,The Bourne Supremacy (2004),"['mystery and thriller', 'action']",82,90
2004,71,Bright Leaves (2004),['documentary'],86,72
2004,72,The Yes Men (2004),['documentary'],85,67
2004,73,Friday Night Lights (2004),['drama'],82,85
2004,74,Hellboy (2004),"['sci fi', 'action', 'fantasy']",81,66
2004,75,Monster (2004),"['crime', 'biography', 'gay and lesbian', 'drama']",81,81
2004,76,Outfoxed: Rupert Murdoch's War on Journalism (2004),['documentary'],85,77
2004,77,The Manchurian Candidate (2004),"['drama', 'mystery and thriller']",80,63
2004,78,Ray (2004),"['drama', 'biography', 'music', 'history']",80,87
2004,79,Wilbur Wants to Kill Himself (2004),"['drama', 'comedy']",84,72
2004,80,Miracle (2004),['drama'],81,90
2004,81,Somersault (2004),"['drama', 'gay and lesbian']",84,71
2004,84,Broadway: The Golden Age (2004),['documentary'],83,92
2004,85,Team America: World Police (2004),"['action', 'comedy']",77,80
2004,87,The Saddest Music in the World (2004),"['drama', 'comedy', 'musical']",79,79
2004,88,Crash (2004),['drama'],74,88
2004,89,Two Brothers (2004),"['drama', 'adventure']",78,75
2004,90,The Machinist (2004),['mystery and thriller'],77,83
2004,93,Dawn of the Dead (2004),['horror'],75,77
2004,94,The Mother (2004),"['drama', 'comedy']",78,63
2004,95,Overnight (2004),['documentary'],78,71
2004,96,Being Julia (2004),"['drama', 'comedy']",76,74
2004,97,Uncovered: The War on Iraq (2004),"['documentary', 'war', 'drama', 'history']",78,69
2004,100,Harold & Kumar Go to White Castle (2004),['comedy'],74,80
2005,1,Murderball (2005),['documentary'],98,89
2005,3,"Good Night, And Good Luck (2005)","['drama', 'biography', 'history']",93,83
2005,4,Enron: The Smartest Guys in the Room (2005),['documentary'],97,87
2005,5,March of the Penguins (2005),['documentary'],94,81
2005,6,The Wild Parrots of Telegraph Hill (2005),['documentary'],95,85
2005,7,The Squid and the Whale (2005),['drama'],92,81
2005,8,Harry Potter and the Goblet of Fire (2005),"['adventure', 'fantasy']",88,74
2005,9,Capote (2005),"['drama', 'biography', 'crime', 'history']",90,82
2005,10,Grizzly Man (2005),"['biography', 'documentary']",92,85
2005,12,Brokeback Mountain (2005),"['drama', 'romance', 'gay and lesbian']",87,82
2005,15,Duma (2005),"['kids and family', 'adventure']",93,81
2005,16,A History of Violence (2005),"['drama', 'mystery and thriller']",87,76
2005,17,Batman Begins (2005),"['adventure', 'action', 'fantasy']",84,94
2005,19,Solntse (The Sun) (2005),"['drama', 'history']",93,78
2005,20,Our Brand Is Crisis (2005),['documentary'],93,75
2005,21,Broken Flowers (2005),"['drama', 'comedy']",87,70
2005,22,Head-On (2005),['drama'],91,93
2005,23,Ballets Russes (2005),['documentary'],92,81
2005,24,King Kong (2005),"['fantasy', 'action', 'adventure']",84,50
2005,25,Millions (2005),"['drama', 'comedy']",88,78
2005,28,Tristram Shandy: A Cock & Bull Story (2005),['comedy'],89,66
2005,29,Up for Grabs (2005),['documentary'],92,87
2005,30,After Innocence (2005),['documentary'],92,82
2005,31,"Kiss Kiss, Bang Bang (2005)","['gay and lesbian', 'mystery and thriller']",86,87
2005,32,Pride and Prejudice (2005),"['drama', 'romance']",86,89
2005,34,The 40 Year Old Virgin (2005),['romance'],85,84
2005,35,Darwin's Nightmare (2005),['documentary'],90,87
2005,36,New York Doll (2005),['documentary'],90,89
2005,38,Charlie and the Chocolate Factory (2005),"['comedy', 'kids and family', 'fantasy']",83,51
2005,39,Star Wars: Episode III - Revenge of the Sith (2005),"['sci fi', 'fantasy', 'action', 'adventure']",80,66
2005,40,Tim Burton's Corpse Bride (2005),"['animation', 'kids and family', 'fantasy']",84,77
2005,41,Junebug (2005),"['drama', 'comedy']",86,73
2005,43,The Heart of the Game (2005),['documentary'],87,83
2005,47,Tell Them Who You Are (2005),['documentary'],88,66
2005,48,The Constant Gardener (2005),"['drama', 'mystery and thriller']",83,82
2005,49,Walk the Line (2005),"['drama', 'biography', 'music', 'history']",82,90
2005,50,The Proposition (2005),"['drama', 'action', 'western']",85,85
2005,51,Shake Hands with the Devil: The Journey of Romeo Dallaire (2005),['documentary'],88,91
2005,52,De Battre mon Coeur s'est Arrêté (The Beat That My Heart Skipped) (2005),['drama'],86,84
2005,53,Saving Face (2005),"['drama', 'romance', 'gay and lesbian', 'comedy']",86,88
2005,54,Rois et Reine (Kings and Queen) (2005),"['drama', 'comedy']",87,80
2005,55,Mysterious Skin (2005),['drama'],85,89
2005,56,Serenity (2005),"['sci fi', 'action', 'adventure']",82,91
2005,57,Ong-Bak (Ong Bak: Muay Thai Warrior) (2005),"['action', 'sports and fitness']",85,84
2005,58,Hustle & Flow (2005),"['drama', 'music']",83,82
2005,59,Gunner Palace (2005),['documentary'],85,66
2005,60,Mad Hot Ballroom (2005),['documentary'],84,83
2005,61,Cinderella Man (2005),"['drama', 'biography']",80,91
2005,66,Rize (2005),['documentary'],84,85
2005,67,The World's Fastest Indian (2005),"['drama', 'biography']",82,89
2005,69,Sin City (2005),"['crime', 'action', 'drama', 'fantasy']",77,78
2005,70,Inside Deep Throat (2005),['documentary'],82,67
2005,71,Me and You and Everyone We Know (2005),"['drama', 'comedy']",82,84
2005,74,Beyond the Gates (2005),"['war', 'drama', 'history']",84,85
2005,75,Red Eye (2005),['mystery and thriller'],79,64
2005,76,Aliens of the Deep (2005),['documentary'],84,49
2005,78,Munich (2005),"['drama', 'mystery and thriller']",78,83
2005,79,Layer Cake (2005),"['crime', 'drama']",80,85
2005,80,Match Point (2005),['drama'],77,81
2005,81,Dear Frankie (2005),['drama'],81,90
2005,82,War of the Worlds (2005),"['sci fi', 'action', 'adventure']",75,42
2005,84,The Aristocrats (2005),['documentary'],79,61
2005,87,"The Chronicles of Narnia: The Lion, The Witch and The Wardrobe (2005)","['adventure', 'kids and family', 'fantasy']",76,61
2005,88,Rock School (2005),"['documentary', 'music']",81,64
2005,89,Pooh's Heffalump Movie (2005),"['animation', 'kids and family', 'adventure']",80,69
2005,90,Keane (2005),['drama'],81,70
2005,91,Wedding Crashers (2005),['comedy'],76,70
2005,92,CSA: The Confederate States of America (2005),"['drama', 'comedy']",80,56
2005,93,Zathura: A Space Adventure (2005),"['sci fi', 'fantasy', 'kids and family', 'adventure']",76,51
2005,94,The Sisterhood of the Traveling Pants (2005),"['drama', 'comedy']",77,78
2005,95,The Upside of Anger (2005),"['drama', 'romance', 'comedy']",75,63
2005,96,In Her Shoes (2005),"['drama', 'comedy']",75,66
2005,97,The Beautiful Country (2005),['drama'],78,79
2005,98,Land of the Dead (2005),['horror'],74,51
2005,99,Syriana (2005),"['drama', 'mystery and thriller']",73,67
2006,1,Casino Royale (2006),"['mystery and thriller', 'action', 'adventure']",95,89
2006,3,The Queen (2006),"['drama', 'biography', 'history']",96,76
2006,4,Deliver Us from Evil (2006),"['crime', 'documentary', 'drama']",100,89
2006,5,The Departed (2006),"['crime', 'mystery and thriller', 'drama']",91,94
2006,6,Children of Men (2006),"['mystery and thriller', 'sci fi']",92,85
2006,7,The War Tapes (2006),['documentary'],98,83
2006,10,Borat: Cultural Learnings of America for Make Benefit Glorious Nation of Kazakhstan (2006),"['gay and lesbian', 'comedy']",91,79
2006,12,Little Miss Sunshine (2006),"['drama', 'comedy']",91,91
2006,13,An Inconvenient Truth (2006),['documentary'],93,79
2006,15,Letters from Iwo Jima (2006),"['drama', 'war', 'history']",91,86
2006,16,Wordplay (2006),['documentary'],94,80
2006,18,United 93 (2006),['drama'],90,83
2006,19,Deep Water (2006),['documentary'],96,87
2006,22,Dave Chappelle's Block Party (2006),"['documentary', 'comedy', 'music']",92,74
2006,24,Fateless (2006),"['drama', 'history']",94,83
2006,25,Half Nelson (2006),['drama'],90,82
2006,27,American Experience (2006),['documentary'],94,89
2006,28,Lassie (2006),"['kids and family', 'adventure']",93,64
2006,30,The Last King of Scotland (2006),"['drama', 'biography']",87,89
2006,31,Inside Man (2006),"['crime', 'mystery and thriller', 'drama']",86,85
2006,32,Venus (2006),"['drama', 'romance']",88,74
2006,34,Dixie Chicks - Shut Up and Sing (2006),['documentary'],89,86
2006,35,Neil Young: Heart of Gold (2006),"['documentary', 'music']",90,79
2006,36,Notes on a Scandal (2006),"['drama', 'gay and lesbian']",87,83
2006,38,Brand Upon the Brain! (2006),['drama'],91,88
2006,39,Starter for 10 (2006),"['drama', 'romance', 'comedy']",90,66
2006,40,Who Killed the Electric Car? (2006),['documentary'],89,84
2006,41,The Descent (2006),"['horror', 'mystery and thriller']",86,76
2006,42,Thank You for Smoking (2006),"['drama', 'comedy']",86,87
2006,43,The Devil and Daniel Johnston (2006),['documentary'],88,91
2006,45,Stephanie Daley (2006),['drama'],90,59
2006,46,Slither (2006),"['horror', 'comedy', 'sci fi']",86,63
2006,48,Jesus Camp (2006),['documentary'],87,80
2006,49,Sir! No Sir! (2006),['documentary'],89,83
2006,50,The Three Burials of Melquiades Estrada (2006),"['crime', 'drama', 'adventure']",85,81
2006,52,Akeelah and the Bee (2006),"['drama', 'kids and family']",85,81
2006,53,The Namesake (2006),['drama'],85,79
2006,54,Man Push Cart (2006),['drama'],88,66
2006,55,Maxed Out (2006),['documentary'],88,70
2006,56,The Ground Truth (2006),['documentary'],88,78
2006,58,Quinceañera (2006),"['drama', 'gay and lesbian']",86,72
2006,60,The Beauty Academy of Kabul (2006),['documentary'],87,57
2006,62,A Prairie Home Companion (2006),['comedy'],81,59
2006,63,Old Joy (2006),['drama'],85,71
2006,64,This Film Is Not Yet Rated (2006),['documentary'],84,81
2006,65,Mutual Appreciation (2006),['comedy'],86,72
2006,66,Sweet Land (2006),"['drama', 'romance']",85,83
2006,68,Air Guitar Nation (2006),"['biography', 'documentary', 'music']",85,79
2006,71,Little Children (2006),['drama'],80,82
2006,73,Dreamgirls (2006),"['drama', 'musical']",78,71
2006,74,Independent Lens (2006),['documentary'],84,84
2006,75,Come Early Morning (2006),"['drama', 'romance']",84,49
2006,76,Brick (2006),"['drama', 'mystery and thriller']",80,86
2006,77,Superman Returns (2006),"['sci fi', 'fantasy', 'action', 'adventure']",75,61
2006,78,Sketches of Frank Gehry (2006),['documentary'],82,71
2006,81,Rocky Balboa (2006),['drama'],77,76
2006,82,The Prestige (2006),"['drama', 'mystery and thriller', 'fantasy']",76,92
2006,83,Charlotte's Web (2006),"['kids and family', 'drama']",78,62
2006,84,Once in a Lifetime: The Extraordinary Story of the New York Cosmos (2006),['documentary'],81,80
2006,87,V for Vendetta (2006),"['mystery and thriller', 'action']",73,90
2006,90,Transamerica (2006),"['drama', 'gay and lesbian', 'comedy']",77,83
2006,91,The Devil Wears Prada (2006),"['drama', 'comedy']",75,76
2006,92,Happy Feet (2006),"['musical', 'comedy', 'animation', 'adventure', 'kids and family']",76,70
2006,94,Why We Fight (2006),"['drama', 'documentary', 'war', 'history']",78,88
2006,95,Cars (2006),"['animation', 'comedy', 'kids and family', 'adventure']",74,79
2006,96,Over the Hedge (2006),"['animation', 'comedy', 'kids and family', 'adventure']",75,71
2006,98,The Illusionist (2006),"['mystery and thriller', 'drama']",74,83
2006,99,Monster House (2006),"['animation', 'adventure', 'kids and family', 'fantasy']",75,63
2006,100,The Matador (2006),"['drama', 'comedy']",75,65
2007,1,Ratatouille (2007),"['comedy', 'kids and family', 'animation']",96,87
2007,2,No Country for Old Men (2007),"['mystery and thriller', 'crime', 'drama']",93,86
2007,3,Taxi to the Dark Side (2007),"['crime', 'documentary', 'war', 'drama']",100,90
2007,4,Once (2007),"['drama', 'romance', 'musical']",97,91
2007,6,Juno (2007),"['drama', 'comedy']",94,88
2007,7,The Bourne Ultimatum (2007),"['action', 'mystery and thriller']",92,91
2007,8,Persepolis (2007),"['drama', 'animation']",96,92
2007,10,There Will Be Blood (2007),['drama'],92,86
2007,11,Killer of Sheep (2007),['drama'],98,84
2007,12,The King of Kong: A Fistful of Quarters (2007),"['biography', 'documentary']",97,93
2007,13,Gone Baby Gone (2007),"['crime', 'mystery and thriller', 'drama']",94,86
2007,15,Ten Canoes (2007),"['drama', 'comedy', 'adventure']",98,78
2007,16,Enchanted (2007),"['romance', 'musical', 'kids and family', 'fantasy']",93,80
2007,17,Sicko (2007),['documentary'],92,87
2007,18,For the Bible Tells Me So (2007),"['gay and lesbian', 'documentary']",98,90
2007,19,Surfwise (2007),['documentary'],98,66
2007,20,No End in Sight (2007),['documentary'],96,94
2007,21,The Life of Reilly (2007),['documentary'],98,83
2007,23,Knocked Up (2007),['romance'],90,83
2007,25,Away From Her (2007),['drama'],94,81
2007,26,Hairspray (2007),"['comedy', 'musical']",91,84
2007,27,In the Shadow of the Moon (2007),"['documentary', 'adventure']",95,91
2007,29,Hot Fuzz (2007),"['action', 'comedy']",91,89
2007,30,Michael Clayton (2007),['drama'],91,69
2007,31,Zodiac (2007),"['crime', 'mystery and thriller', 'drama']",89,77
2007,32,My Winnipeg (2007),"['drama', 'documentary', 'comedy']",95,77
2007,33,Encounters at the End of the World (2007),['documentary'],94,83
2007,35,Up the Yangtze (2007),['documentary'],96,83
2007,40,3:10 to Yuma (2007),"['drama', 'western']",89,86
2007,41,My Kid Could Paint That (2007),"['documentary', 'mystery and thriller']",94,78
2007,42,Eastern Promises (2007),"['crime', 'mystery and thriller', 'drama']",89,83
2007,43,Rescue Dawn (2007),"['drama', 'war', 'history']",90,75
2007,44,Lake of Fire (2007),['documentary'],94,91
2007,45,Superbad (2007),['comedy'],88,87
2007,46,Waitress (2007),"['drama', 'romance', 'comedy']",89,74
2007,47,This Is England (2007),['drama'],92,90
2007,48,The Savages (2007),"['drama', 'comedy']",89,74
2007,49,The Simpsons Movie (2007),"['comedy', 'animation']",87,77
2007,50,U2 3D (2007),['documentary'],92,93
2007,52,Sweeney Todd: The Demon Barber of Fleet Street (2007),"['crime', 'mystery and thriller', 'drama', 'musical']",86,81
2007,53,Before the Devil Knows You're Dead (2007),"['crime', 'mystery and thriller', 'drama']",88,71
2007,54,The Italian (2007),['drama'],91,70
2007,55,The Wind That Shakes the Barley (2007),"['drama', 'history']",90,87
2007,56,An Unreasonable Man (2007),['documentary'],92,87
2007,59,God Grew Tired Of Us (2007),['documentary'],91,95
2007,60,The Lookout (2007),"['crime', 'mystery and thriller', 'drama']",87,74
2007,61,The Edge of Heaven (Auf der anderen seite) (2007),['drama'],90,89
2007,62,Young@Heart (2007),['documentary'],89,91
2007,63,2 Days in Paris (2007),"['romance', 'comedy']",88,72
2007,64,Control (2007),"['drama', 'biography']",88,89
2007,65,The Hoax (2007),"['drama', 'history']",86,58
2007,66,Must Read After My Death (2007),['documentary'],90,78
2007,67,Shotgun Stories (2007),"['drama', 'mystery and thriller']",90,80
2007,69,Grindhouse (2007),"['horror', 'action']",84,87
2007,70,Joe Strummer: The Future Is Unwritten (2007),['documentary'],89,87
2007,71,Red Road (2007),['drama'],88,71
2007,72,Atonement (2007),"['drama', 'romance']",83,80
2007,73,Bridge to Terabithia (2007),"['drama', 'kids and family', 'fantasy']",85,70
2007,74,ShowBusiness: The Road to Broadway (2007),['documentary'],89,86
2007,75,Starting Out in the Evening (2007),['drama'],87,70
2007,76,Breach (2007),"['mystery and thriller', 'crime', 'biography', 'drama', 'action']",84,67
2007,78,Into the Wild (2007),"['drama', 'biography', 'adventure']",83,89
2007,80,Boy A (2007),['drama'],88,87
2007,81,Paris Je T'aime (2007),"['drama', 'romance', 'comedy']",86,84
2007,83,Live Free or Die Hard (2007),"['mystery and thriller', 'action']",82,86
2007,85,Charlie Wilson's War (2007),"['comedy', 'drama']",82,73
2007,86,The Real Dirt on Farmer John (2007),['documentary'],88,78
2007,89,American Gangster (2007),"['crime', 'biography', 'drama']",81,84
2007,90,L' Avocat de la Terreur (Terror's Advocate) (2007),['documentary'],87,66
2007,91,Rocket Science (2007),"['drama', 'comedy']",84,72
2007,92,Talk to Me (2007),"['drama', 'biography']",83,77
2007,93,When the Road Bends: Tales of a Gypsy Caravan (2007),['documentary'],86,82
2007,96,Harry Potter and the Order of the Phoenix (2007),"['adventure', 'fantasy']",77,81
2007,97,War Dance (2007),['documentary'],85,91
2007,99,A Mighty Heart (2007),['drama'],79,70
2008,1,The Dark Knight (2008),"['fantasy', 'action', 'adventure']",94,94
2008,2,The Wrestler (2008),['drama'],98,88
2008,3,Man on Wire (2008),['documentary'],100,87
2008,5,WALL-E (2008),"['sci fi', 'comedy', 'animation', 'adventure', 'kids and family']",95,90
2008,6,Iron Man (2008),"['sci fi', 'fantasy', 'action', 'adventure']",94,91
2008,7,Frost/Nixon (2008),"['drama', 'history']",93,88
2008,8,Milk (2008),"['drama', 'biography', 'gay and lesbian']",93,89
2008,9,Slumdog Millionaire (2008),"['drama', 'comedy']",91,90
2008,13,Happy-Go-Lucky (2008),['comedy'],93,67
2008,15,Burma VJ: Reporter i et Lukket Land (Burma VJ: Reporting from a Closed Country) (2008),['documentary'],97,91
2008,16,"Bigger, Stronger, Faster* (2008)",['documentary'],96,81
2008,17,Trouble the Water (2008),['documentary'],96,86
2008,20,Chop Shop (2008),['drama'],96,77
2008,22,Sugar (2008),['drama'],92,80
2008,23,"Not Quite Hollywood: The Wild, Untold Story of Ozploitation! (2008)",['documentary'],95,80
2008,24,Bolt (2008),"['animation', 'comedy', 'kids and family', 'adventure']",89,74
2008,25,Hellboy II: The Golden Army (Hellboy 2) (2008),"['sci fi', 'action', 'fantasy']",86,71
2008,27,Dear Zachary: A Letter to a Son About His Father (2008),['documentary'],94,96
2008,28,Hunger (2008),"['drama', 'history']",90,83
2008,29,Ballast (2008),['drama'],92,71
2008,30,Transsiberian (2008),"['crime', 'mystery and thriller', 'drama']",91,65
2008,31,Kung Fu Panda (2008),"['animation', 'comedy', 'kids and family', 'adventure']",87,83
2008,33,The Visitor (2008),['drama'],89,84
2008,34,Frozen River (2008),['drama'],88,74
2008,35,I've Loved You So Long (2008),['drama'],88,85
2008,36,Ghost Town (2008),"['comedy', 'fantasy', 'romance']",85,60
2008,37,Momma's Man (2008),['drama'],91,50
2008,38,Wendy and Lucy (2008),['drama'],85,67
2008,40,Tropic Thunder (2008),"['action', 'comedy']",82,70
2008,41,Rachel Getting Married (2008),"['drama', 'comedy']",84,62
2008,43,In Bruges (2008),"['drama', 'action', 'comedy']",84,87
2008,44,The Unforeseen (2008),['documentary'],90,69
2008,47,Shine a Light (2008),['documentary'],86,74
2008,48,Gonzo: The Life and Work of Hunter S. Thompson (2008),['documentary'],87,82
2008,49,Forgetting Sarah Marshall (2008),['romance'],83,76
2008,51,I.O.U.S.A. (2008),['documentary'],88,86
2008,53,Vicky Cristina Barcelona (2008),"['drama', 'romance', 'comedy']",81,74
2008,54,Indiana Jones and the Kingdom of the Crystal Skull (2008),"['action', 'adventure']",78,53
2008,55,Meduzot (Jellyfish) (2008),['drama'],87,79
2008,56,Der Baader Meinhof Komplex (The Baader Meinhof Complex) (2008),"['crime', 'biography', 'history', 'drama']",85,80
2008,57,Two Lovers (2008),"['drama', 'romance']",82,59
2008,59,Burn After Reading (2008),"['drama', 'mystery and thriller', 'comedy']",78,65
2008,60,JCVD (Van Dammage) (2008),"['crime', 'action', 'comedy', 'drama']",84,74
2008,61,Doubt (2008),['drama'],79,78
2008,62,In Search of a Midnight Kiss (2008),['romance'],85,79
2008,63,The Spiderwick Chronicles (2008),"['drama', 'adventure', 'kids and family', 'fantasy']",81,63
2008,65,Roman Polanski: Wanted and Desired (2008),"['crime', 'documentary', 'drama']",85,78
2008,66,The Black Balloon (2008),['drama'],85,84
2008,67,The Bank Job (2008),"['mystery and thriller', 'crime', 'drama', 'action']",80,74
2008,68,Cloverfield (2008),"['sci fi', 'mystery and thriller', 'action']",77,68
2008,69,Dr. Seuss' Horton Hears a Who! (2008),"['animation', 'kids and family', 'adventure']",80,73
2008,70,Disgrace (2008),['drama'],83,62
2008,71,Fifty Dead Men Walking (2008),"['mystery and thriller', 'action']",83,68
2008,72,Chicago 10 (2008),['documentary'],81,77
2008,73,Nothing But the Truth (2008),['drama'],82,73
2008,74,Miss Pettigrew Lives for a Day (2008),"['drama', 'romance', 'comedy']",78,71
2008,75,Kit Kittredge: An American Girl (2008),"['drama', 'comedy', 'kids and family']",80,69
2008,76,Role Models (2008),['comedy'],77,74
2008,78,Standard Operating Procedure (2008),"['crime', 'documentary', 'war', 'drama']",79,78
2008,79,Baghead (2008),"['mystery and thriller', 'comedy']",79,49
2008,80,Flow: For Love of Water (2008),['documentary'],81,78
2008,82,Appaloosa (2008),"['drama', 'western']",76,55
2008,84,The Curious Case of Benjamin Button (2008),"['drama', 'romance', 'fantasy']",71,80
2008,85,Nick and Norah's Infinite Playlist (2008),"['romance', 'gay and lesbian']",74,65
2008,87,Afterschool (2008),['drama'],80,48
2008,88,Body of War (2008),['documentary'],80,82
2008,90,Kirschblüten - Hanami (Cherry Blossoms) (2008),['drama'],79,91
2008,91,Che: Part Two (Guerrilla) (2008),"['drama', 'biography']",79,66
2008,92,Wanted (2008),"['mystery and thriller', 'action']",72,69
2008,93,Elegy (2008),"['drama', 'romance']",75,61
2008,99,Under the Same Moon (2008),['drama'],73,82
2008,100,The Incredible Hulk (2008),"['sci fi', 'fantasy', 'action', 'adventure']",67,70
2009,1,Up (2009),"['animation', 'comedy', 'kids and family', 'adventure']",98,90
2009,2,The Hurt Locker (2009),"['drama', 'mystery and thriller', 'war', 'action']",97,84
2009,3,Star Trek (2009),"['sci fi', 'adventure', 'fantasy', 'action']",94,91
2009,4,Anvil! The Story of Anvil (2009),['documentary'],98,91
2009,5,Afghan Star (2009),['documentary'],100,77
2009,6,Fantastic Mr. Fox (2009),"['comedy', 'kids and family', 'adventure', 'animation']",93,85
2009,7,Drag Me to Hell (2009),"['mystery and thriller', 'horror']",92,62
2009,8,Up in the Air (2009),"['drama', 'comedy']",91,79
2009,9,District 9 (2009),['sci fi'],90,82
2009,10,Inglourious Basterds (2009),"['drama', 'war', 'comedy']",89,88
2009,11,An Education (2009),['drama'],94,80
2009,12,Precious: Based on the Novel Push by Sapphire (2009),['drama'],92,81
2009,13,In the Loop (2009),['comedy'],94,82
2009,14,The Cove (2009),['documentary'],95,94
2009,15,Coraline (2009),"['animation', 'kids and family', 'fantasy']",90,73
2009,18,Sweetgrass (2009),['documentary'],97,65
2009,19,"Food, Inc. (2009)",['documentary'],95,86
2009,22,Zombieland (2009),"['horror', 'comedy']",89,86
2009,23,Most Dangerous Man in America: Daniel Ellsberg and the Pentagon Papers (2009),['documentary'],96,90
2009,24,Good Hair (2009),['documentary'],95,69
2009,25,Somers Town (2009),"['drama', 'comedy']",96,75
2009,26,Goodbye Solo (2009),"['drama', 'comedy']",94,82
2009,28,Crazy Heart (2009),"['drama', 'romance']",90,76
2009,29,Crude (2009),['documentary'],95,85
2009,30,Mary and Max (2009),"['drama', 'comedy', 'animation']",95,92
2009,32,A Serious Man (2009),"['drama', 'comedy']",89,68
2009,34,Moon (2009),"['sci fi', 'mystery and thriller']",90,89
2009,35,The Damned United (2009),"['drama', 'biography']",92,85
2009,36,Adventureland (2009),"['drama', 'romance', 'comedy']",89,61
2009,37,The Messenger (2009),"['drama', 'romance', 'war']",90,75
2009,38,Under the Sea 3D (2009),['documentary'],94,75
2009,40,Every Little Step (2009),"['documentary', 'music']",92,88
2009,41,"Yoo-hoo, Mrs. Goldberg (2009)",['documentary'],93,82
2009,44,In Search of Beethoven (2009),['documentary'],93,79
2009,45,Harry Potter and the Half-Blood Prince (2009),"['adventure', 'kids and family', 'fantasy']",84,78
2009,46,Il Divo (2009),"['biography', 'drama', 'history']",92,80
2009,48,Avatar (2009),"['sci fi', 'fantasy', 'action', 'adventure']",82,82
2009,49,500 Days of Summer (2009),"['drama', 'romance', 'comedy']",85,84
2009,52,A Single Man (2009),"['drama', 'gay and lesbian']",86,81
2009,54,The Princess and the Frog (2009),"['musical', 'animation', 'fantasy', 'comedy', 'adventure', 'kids and family']",85,74
2009,55,World's Greatest Dad (2009),"['drama', 'comedy']",88,67
2009,57,State of Play (2009),"['crime', 'mystery and thriller', 'drama']",84,73
2009,58,Bad Lieutenant: Port of Call New Orleans (2009),"['crime', 'drama']",86,57
2009,61,Cloudy With a Chance of Meatballs (2009),"['animation', 'comedy', 'kids and family', 'fantasy']",86,72
2009,62,Whip It (2009),"['drama', 'comedy']",84,74
2009,63,Me and Orson Welles (2009),['drama'],85,61
2009,64,"I Love You, Man (2009)",['comedy'],83,74
2009,65,Paranormal Activity (2009),"['horror', 'mystery and thriller']",83,57
2009,67,Tyson (2009),['documentary'],85,79
2009,68,Gran Torino (2009),['drama'],81,90
2009,70,Bright Star (2009),"['drama', 'romance']",83,68
2009,71,Disneynature Earth (2009),['documentary'],86,82
2009,72,Big Fan (2009),"['drama', 'comedy']",86,62
2009,74,The House of the Devil (2009),['horror'],85,63
2009,76,Michael Jackson's This Is It (2009),['documentary'],81,82
2009,78,The Informant! (2009),"['drama', 'crime', 'comedy']",79,44
2009,79,Pontypool (2009),"['horror', 'mystery and thriller']",84,68
2009,80,The September Issue (2009),['documentary'],83,71
2009,81,The Hangover (2009),['comedy'],78,84
2009,82,Soul Power (2009),"['documentary', 'music']",84,79
2009,84,Bandslam (2009),"['romance', 'comedy', 'musical']",82,64
2009,85,Julie & Julia (2009),"['drama', 'comedy']",77,70
2009,86,Black Dynamite (2009),"['action', 'comedy']",83,85
2009,87,Bakjwi (Thirst) (2009),"['horror', 'mystery and thriller']",81,75
2009,88,Invictus (2009),"['drama', 'biography']",76,75
2009,89,No Impact Man: The Documentary (2009),['documentary'],83,63
2009,90,Collapse (2009),['documentary'],83,83
2009,91,Humpday (2009),['comedy'],79,51
2009,93,We Live in Public (2009),['documentary'],82,79
2009,95,It Might Get Loud (2009),"['documentary', 'music']",79,85
2009,96,Where the Wild Things Are (2009),"['adventure', 'kids and family', 'fantasy']",73,57
2009,97,The Road (2009),"['mystery and thriller', 'drama', 'sci fi']",74,68
2009,99,The Young Victoria (2009),"['drama', 'romance', 'history']",76,74
2009,100,Sunshine Cleaning (2009),"['drama', 'comedy']",75,63
2010,1,Toy Story 3 (2010),"['fantasy', 'comedy', 'animation', 'adventure', 'kids and family']",98,89
2010,2,The Social Network (2010),"['drama', 'biography']",96,86
2010,3,How to Train Your Dragon (2010),"['fantasy', 'comedy', 'animation', 'adventure', 'kids and family']",99,91
2010,4,True Grit (2010),"['drama', 'western']",95,85
2010,5,The King's Speech (2010),"['drama', 'history']",94,92
2010,6,Inside Job (2010),['documentary'],98,91
2010,8,Waste Land (2010),['documentary'],100,90
2010,10,127 Hours (2010),"['drama', 'biography']",93,85
2010,11,Marwencol (2010),['documentary'],98,87
2010,12,Restrepo (2010),"['documentary', 'war', 'biography', 'history', 'drama']",96,88
2010,14,The Town (2010),"['crime', 'mystery and thriller', 'drama']",92,85
2010,15,Winter's Bone (2010),['drama'],94,76
2010,16,Exit Through The Gift Shop (2010),['documentary'],96,91
2010,17,The Kids Are All Right (2010),"['comedy', 'gay and lesbian', 'drama']",92,74
2010,18,Animal Kingdom (2010),"['crime', 'drama']",94,83
2010,19,GasLand (2010),['documentary'],98,85
2010,20,Inception (2010),"['sci fi', 'mystery and thriller', 'action']",87,91
2010,23,Another Year (2010),"['drama', 'comedy']",93,74
2010,24,The Fighter (2010),"['biography', 'drama']",90,89
2010,26,Tangled (2010),"['musical', 'animation', 'fantasy', 'comedy', 'adventure', 'kids and family']",89,87
2010,27,Boxing Gym (2010),['documentary'],95,75
2010,28,Best Worst Movie (2010),['documentary'],94,84
2010,29,Let Me In (2010),['horror'],88,76
2010,30,Fish Tank (2010),['drama'],91,79
2010,31,The Tillman Story (2010),['documentary'],93,91
2010,32,Samson and Delilah (2010),"['drama', 'romance']",94,76
2010,33,Joan Rivers: A Piece Of Work (2010),"['biography', 'documentary', 'comedy']",92,82
2010,34,Black Swan (2010),"['drama', 'mystery and thriller']",85,84
2010,38,The Illusionist (L'illusionniste) (2010),"['drama', 'animation']",90,79
2010,40,Blue Valentine (2010),"['drama', 'romance']",87,77
2010,41,Waiting for Superman (2010),['documentary'],90,84
2010,42,Rabbit Hole (2010),['drama'],87,72
2010,45,Unstoppable (2010),"['drama', 'mystery and thriller', 'action']",87,72
2010,47,The Secret of Kells (2010),"['animation', 'fantasy', 'kids and family', 'adventure']",90,85
2010,49,Cropsey (2010),"['documentary', 'mystery and thriller', 'drama', 'crime', 'horror']",91,61
2010,50,Buried (2010),"['drama', 'mystery and thriller']",87,65
2010,51,Client 9: The Rise and Fall of Eliot Spitzer (2010),['documentary'],90,83
2010,52,Winnebago Man (2010),"['biography', 'documentary', 'comedy']",90,80
2010,53,My Dog Tulip (2010),"['drama', 'animation']",90,69
2010,56,Easy A (2010),['comedy'],85,77
2010,57,Scott Pilgrim vs. the World (2010),"['romance', 'action']",82,84
2010,59,The Ghost Writer (2010),"['mystery and thriller', 'drama']",84,70
2010,60,Get Low (2010),"['drama', 'comedy']",85,75
2010,62,Hubble 3D (2010),['documentary'],88,86
2010,65,The Square (2010),['mystery and thriller'],86,70
2010,67,Looking for Eric (2010),"['drama', 'comedy']",85,78
2010,68,Despicable Me (2010),"['animation', 'comedy', 'kids and family', 'adventure']",81,82
2010,70,The Art Of The Steal (2010),['documentary'],85,87
2010,71,Harry Potter and the Deathly Hallows - Part 1 (2010),"['adventure', 'fantasy']",77,85
2010,72,Kisses (2010),['drama'],85,80
2010,73,Four Lions (2010),"['drama', 'comedy']",82,80
2010,76,City Island (2010),['comedy'],82,79
2010,77,Cyrus (2010),"['drama', 'romance', 'comedy']",80,53
2010,78,Catfish (2010),"['drama', 'documentary', 'mystery and thriller']",80,70
2010,79,Kick-Ass (2010),"['action', 'comedy']",76,81
2010,80,The Other Guys (2010),"['action', 'comedy']",78,60
2010,81,Nowhere Boy (2010),"['drama', 'biography']",80,74
2010,82,Fair Game (2010),"['drama', 'mystery and thriller']",79,65
2010,84,Made in Dagenham (2010),"['drama', 'biography', 'comedy']",80,75
2010,85,Mesrine: Killer Instinct (Mesrine: L'instinct de mort) (2010),"['mystery and thriller', 'crime', 'biography', 'drama', 'action']",81,82
2010,86,The Disappearance of Alice Creed (2010),['mystery and thriller'],81,67
2010,87,Casino Jack And The United States Of Money (2010),['documentary'],82,80
2010,89,Mesrine: Public Enemy #1 (Mesrine: L'ennemi public no. 1) (2010),"['mystery and thriller', 'crime', 'biography', 'drama', 'action']",81,82
2010,91,Cairo Time (2010),"['drama', 'romance']",81,62
2010,92,Tiny Furniture (2010),"['drama', 'comedy']",80,54
2010,93,Night Catches Us (2010),['drama'],81,66
2010,94,Mother and Child (2010),['drama'],78,76
2010,95,Iron Man 2 (2010),"['sci fi', 'fantasy', 'action', 'adventure']",72,71
2010,96,Greenberg (2010),"['comedy', 'drama', 'romance']",76,42
2010,97,Countdown to Zero (2010),['documentary'],79,72
2010,98,Splice (2010),"['sci fi', 'horror']",75,37
2010,99,Solitary Man (2010),"['drama', 'comedy']",78,50
2010,100,Red Hill (2010),"['mystery and thriller', 'action']",79,57
2011,1,Harry Potter and the Deathly Hallows - Part 2 (2011),"['adventure', 'fantasy']",96,89
2011,4,Moneyball (2011),['drama'],94,86
2011,5,The Muppets (2011),"['comedy', 'kids and family']",95,80
2011,6,Mission: Impossible Ghost Protocol (2011),"['mystery and thriller', 'action', 'adventure']",94,76
2011,9,The Interrupters (2011),"['crime', 'documentary', 'drama']",99,82
2011,10,Project Nim (2011),['documentary'],97,84
2011,12,Everyday Sunshine: The Story of Fishbone (2011),"['documentary', 'music']",100,85
2011,13,Bill Cunningham New York (2011),"['drama', 'biography', 'documentary', 'history']",99,92
2011,14,We Were Here (2011),"['documentary', 'gay and lesbian', 'biography', 'history', 'drama']",100,86
2011,15,Sholem Aleichem: Laughing in the Darkness (2011),['documentary'],100,68
2011,16,Drive (2011),"['crime', 'action', 'drama']",92,79
2011,17,Source Code (2011),"['sci fi', 'mystery and thriller', 'action']",92,82
2011,18,Hugo (2011),"['fantasy', 'adventure', 'drama']",93,78
2011,19,Midnight in Paris (2011),"['romance', 'fantasy']",93,83
2011,20,Cave of Forgotten Dreams (2011),['documentary'],96,73
2011,21,Bridesmaids (2011),['comedy'],90,76
2011,22,Win Win (2011),"['drama', 'comedy']",94,85
2011,23,50/50 (2011),"['drama', 'comedy']",93,88
2011,24,Born To Be Wild (2011),['documentary'],98,84
2011,26,Pariah (2011),"['drama', 'gay and lesbian']",95,82
2011,27,The Guard (2011),"['mystery and thriller', 'comedy']",94,81
2011,30,Arthur Christmas (2011),"['comedy', 'animation', 'kids and family', 'other']",92,76
2011,31,Weekend (2011),"['drama', 'romance', 'gay and lesbian']",95,86
2011,32,Take Shelter (2011),"['drama', 'mystery and thriller']",92,81
2011,33,Being Elmo: A Puppeteer's Journey (2011),['documentary'],95,87
2011,35,The Arbor (2011),['drama'],96,74
2011,36,Martha Marcy May Marlene (2011),"['drama', 'mystery and thriller']",90,71
2011,37,Coriolanus (2011),"['drama', 'war']",92,58
2011,38,The Descendants (2011),"['drama', 'comedy']",88,79
2011,39,Senna (2011),['documentary'],93,95
2011,42,X-Men: First Class (2011),"['sci fi', 'fantasy', 'action', 'adventure']",86,87
2011,43,Attack the Block (2011),"['sci fi', 'action', 'comedy']",90,75
2011,44,Tabloid (2011),['documentary'],92,72
2011,45,Into The Abyss (2011),"['crime', 'documentary', 'drama']",92,76
2011,46,The Girl with the Dragon Tattoo (2011),"['crime', 'mystery and thriller', 'drama']",87,86
2011,47,Rango (2011),"['animation', 'comedy', 'kids and family', 'adventure']",88,69
2011,49,Winnie the Pooh (2011),"['animation', 'kids and family', 'adventure']",91,80
2011,50,The Tree of Life (2011),['drama'],85,60
2011,52,Contagion (2011),"['drama', 'mystery and thriller']",85,63
2011,55,The Black Power Mixtape 1967-1975 (2011),"['drama', 'documentary', 'history']",92,86
2011,58,Corman's World: Exploits Of A Hollywood Rebel (2011),['documentary'],92,84
2011,59,Certified Copy (Copie Conforme) (2011),"['drama', 'romance']",89,70
2011,60,Buck (2011),['documentary'],90,89
2011,61,Submarine (2011),"['drama', 'comedy']",88,82
2011,62,Margin Call (2011),"['drama', 'mystery and thriller']",87,74
2011,64,The Trip (2011),['comedy'],89,70
2011,65,The Ides of March (2011),['drama'],84,73
2011,67,Beats Rhymes & Life: The Travels of a Tribe Called Quest (2011),"['documentary', 'music']",90,90
2011,68,Cedar Rapids (2011),['comedy'],86,59
2011,69,Puss in Boots (2011),"['animation', 'kids and family', 'adventure']",86,67
2011,70,Super 8 (2011),"['sci fi', 'mystery and thriller']",81,75
2011,71,Tinker Tailor Soldier Spy (2011),['mystery and thriller'],83,65
2011,72,Beginners (2011),"['drama', 'gay and lesbian']",85,77
2011,73,Rise of the Planet of the Apes (2011),"['sci fi', 'action', 'adventure']",81,77
2011,74,Meek's Cutoff (2011),['western'],86,53
2011,75,Terri (2011),"['drama', 'comedy']",87,60
2011,76,Jane Eyre (2011),"['drama', 'romance']",84,76
2011,77,Warrior (2011),"['action', 'drama']",83,92
2011,78,Bobby Fischer Against The World (2011),['documentary'],88,86
2011,80,Captain America: The First Avenger (2011),"['fantasy', 'action', 'adventure']",80,74
2011,81,My Week with Marilyn (2011),['drama'],83,71
2011,84,The Lincoln Lawyer (2011),"['crime', 'mystery and thriller', 'drama']",83,82
2011,86,Tucker and Dale vs. Evil (2011),"['horror', 'comedy']",85,84
2011,87,A Better Life (2011),"['drama', 'crime']",85,79
2011,91,Kung Fu Panda 2 (2011),"['animation', 'comedy', 'kids and family', 'adventure']",81,74
2011,92,"Crazy, Stupid, Love. (2011)",['romance'],79,78
2011,93,Melancholia (2011),"['drama', 'sci fi']",80,67
2011,96,Thor (2011),"['fantasy', 'action', 'adventure']",77,76
2011,99,Shame (2011),['drama'],79,75
2011,100,Young Adult (2011),"['drama', 'romance', 'comedy']",80,49
2012,1,Argo (2012),"['drama', 'mystery and thriller', 'history']",96,90
2012,2,Skyfall (2012),"['mystery and thriller', 'action', 'adventure']",92,86
2012,3,Marvel's The Avengers (2012),"['sci fi', 'fantasy', 'action', 'adventure']",91,91
2012,4,Moonrise Kingdom (2012),"['drama', 'romance', 'comedy']",94,86
2012,5,Looper (2012),"['sci fi', 'mystery and thriller', 'action']",93,82
2012,6,The Cabin in the Woods (2012),"['horror', 'comedy']",92,74
2012,8,Silver Linings Playbook (2012),"['drama', 'romance', 'comedy']",92,86
2012,9,The Dark Knight Rises (2012),"['fantasy', 'mystery and thriller', 'action', 'adventure']",87,90
2012,11,The Invisible War (2012),"['crime', 'documentary', 'drama']",99,84
2012,14,Ai Weiwei: Never Sorry (2012),['documentary'],98,87
2012,15,How to Survive a Plague (2012),"['drama', 'documentary', 'history', 'gay and lesbian']",98,82
2012,18,Lincoln (2012),"['drama', 'biography', 'history']",89,81
2012,19,Searching for Sugar Man (2012),['documentary'],95,92
2012,20,The Loved Ones (2012),"['horror', 'mystery and thriller']",98,73
2012,21,Undefeated (2012),['documentary'],96,89
2012,22,Beware Of Mr. Baker (2012),['documentary'],98,87
2012,23,Mea Maxima Culpa: Silence In The House Of God (2012),['documentary'],98,90
2012,25,The Island President (2012),['documentary'],98,77
2012,26,The Queen of Versailles (2012),['documentary'],95,73
2012,28,West of Memphis (2012),"['crime', 'documentary', 'drama']",95,87
2012,29,The Imposter (2012),['documentary'],95,78
2012,30,Marley (2012),"['documentary', 'music']",95,90
2012,31,The Sessions (2012),"['comedy', 'biography', 'drama']",91,80
2012,32,Django Unchained (2012),"['drama', 'action', 'western']",87,91
2012,33,Chasing Ice (2012),"['biography', 'documentary']",96,85
2012,35,Wake in Fright (2012),"['drama', 'mystery and thriller']",96,83
2012,36,Brooklyn Castle (2012),['documentary'],96,81
2012,38,Marina Abramovic: The Artist Is Present (2012),"['drama', 'biography', 'documentary', 'history']",96,88
2012,39,Life of Pi (2012),"['drama', 'adventure']",87,84
2012,41,Safety Not Guaranteed (2012),['comedy'],91,80
2012,43,The Hunger Games (2012),"['sci fi', 'action', 'adventure']",84,81
2012,44,Diana Vreeland: The Eye Has To Travel (2012),"['biography', 'documentary']",94,79
2012,45,The House I Live In (2012),['documentary'],94,85
2012,46,ParaNorman (2012),"['fantasy', 'comedy', 'animation', 'adventure', 'kids and family']",89,72
2012,48,Sing Your Song (2012),"['biography', 'documentary', 'music']",95,79
2012,50,Frankenweenie (2012),"['comedy', 'kids and family', 'animation']",87,70
2012,51,First Position (2012),['documentary'],93,84
2012,53,Side by Side (2012),['documentary'],93,86
2012,55,The Central Park Five (2012),"['crime', 'documentary', 'drama', 'history']",92,86
2012,56,Arbitrage (2012),"['mystery and thriller', 'drama']",88,62
2012,57,Compliance (2012),['mystery and thriller'],89,60
2012,58,Wreck-it Ralph (2012),"['animation', 'comedy', 'kids and family', 'adventure']",87,86
2012,59,Bernie (2012),"['comedy', 'drama', 'crime']",88,73
2012,62,The Master (2012),['drama'],84,61
2012,64,Beasts of the Southern Wild (2012),"['drama', 'fantasy', 'adventure']",86,76
2012,66,21 Jump Street (2012),"['action', 'comedy']",84,82
2012,68,The Perks of Being a Wallflower (2012),"['comedy', 'romance', 'gay and lesbian', 'drama']",86,89
2012,69,"Electric Boogaloo: The Wild, Untold Story of Cannon Films (2012)",['documentary'],91,81
2012,70,Keep the Lights On (2012),"['drama', 'gay and lesbian']",90,63
2012,71,Chronicle (2012),"['drama', 'mystery and thriller', 'sci fi']",85,71
2012,73,End of Watch (2012),"['crime', 'action', 'drama']",85,86
2012,75,Seven Psychopaths (2012),['comedy'],83,71
2012,76,Robot & Frank (2012),"['drama', 'comedy', 'sci fi']",86,75
2012,78,Neil Young Journeys (2012),['documentary'],89,59
2012,80,Bully (2012),['documentary'],85,78
2012,81,Starlet (2012),['drama'],89,68
2012,85,Middle of Nowhere (2012),"['drama', 'romance']",88,64
2012,86,Boy (2012),"['drama', 'comedy']",87,86
2012,90,The Impossible (2012),['drama'],81,84
2012,91,Your Sister's Sister (2012),"['drama', 'romance', 'comedy']",83,66
2012,94,Sleepwalk With Me (2012),"['drama', 'comedy']",84,71
2012,95,Brave (2012),"['animation', 'comedy', 'kids and family', 'adventure']",78,75
2012,96,Haywire (2012),"['mystery and thriller', 'action']",80,41
2012,97,Magic Mike (2012),"['comedy', 'drama']",79,60
2012,99,Detropia (2012),['documentary'],86,63
2013,1,12 Years a Slave (2013),"['drama', 'biography', 'history']",95,90
2013,2,Gravity (2013),"['mystery and thriller', 'sci fi', 'drama']",95,80
2013,3,Before Midnight (2013),"['drama', 'romance']",98,82
2013,4,Her (2013),"['drama', 'romance', 'comedy']",94,82
2013,5,Short Term 12 (2013),['drama'],98,92
2013,6,Captain Phillips (2013),"['drama', 'mystery and thriller', 'action']",93,89
2013,7,Mud (2013),"['drama', 'adventure']",97,80
2013,8,American Hustle (2013),"['crime', 'drama']",92,74
2013,9,20 Feet From Stardom (2013),['documentary'],99,82
2013,10,Inside Llewyn Davis (2013),"['drama', 'music', 'comedy']",92,74
2013,11,All Is Lost (2013),"['drama', 'mystery and thriller', 'adventure']",94,63
2013,12,Dallas Buyers Club (2013),"['drama', 'gay and lesbian']",93,91
2013,14,Zero Dark Thirty (2013),"['drama', 'war', 'mystery and thriller']",91,80
2013,15,Blackfish (2013),['documentary'],98,90
2013,16,Enough Said (2013),['romance'],95,75
2013,17,Fruitvale Station (2013),['drama'],94,87
2013,19,The Hunger Games: Catching Fire (2013),"['sci fi', 'action', 'adventure']",90,89
2013,20,Sound City (2013),"['documentary', 'music']",100,90
2013,22,Nebraska (2013),['drama'],91,83
2013,25,The Selfish Giant (2013),['drama'],98,81
2013,26,Blue Jasmine (2013),['drama'],91,77
2013,28,Frozen (2013),"['musical', 'animation', 'fantasy', 'comedy', 'adventure', 'kids and family']",90,85
2013,29,Muscle Shoals (2013),['documentary'],97,89
2013,30,Stories We Tell (2013),['documentary'],94,79
2013,31,Call Me Kuchu (2013),"['drama', 'documentary']",98,89
2013,32,Let The Fire Burn (2013),"['drama', 'mystery and thriller']",98,90
2013,33,Frances Ha (2013),['comedy'],92,77
2013,35,Room 237 (2013),['documentary'],94,55
2013,37,Philomena (2013),['drama'],91,89
2013,38,Behind the Candelabra (2013),"['drama', 'biography', 'gay and lesbian', 'romance']",95,71
2013,39,The World's End (2013),"['sci fi', 'comedy']",89,71
2013,44,I Am Divine (2013),['documentary'],96,83
2013,45,The Spectacular Now (2013),"['drama', 'comedy']",91,76
2013,46,Cutie And The Boxer (2013),"['biography', 'documentary']",95,75
2013,47,Rush (2013),"['drama', 'action']",88,88
2013,48,The Crash Reel (2013),['documentary'],96,94
2013,50,In a World... (2013),['comedy'],92,71
2013,53,The Sapphires (2013),"['comedy', 'musical']",91,76
2013,55,The History Of Future Folk (2013),"['sci fi', 'comedy']",95,84
2013,57,Star Trek Into Darkness (2013),"['sci fi', 'adventure', 'fantasy', 'action']",84,89
2013,59,A Band Called Death (2013),"['biography', 'documentary', 'music']",94,85
2013,60,The Conjuring (2013),"['horror', 'mystery and thriller']",86,83
2013,61,We Steal Secrets: The Story Of Wikileaks (2013),['documentary'],92,75
2013,63,Mother Of George (2013),['drama'],93,65
2013,65,Deceptive Practice: The Mysteries and Mentors of Ricky Jay (2013),['documentary'],93,71
2013,66,Still Mine (2013),['drama'],92,82
2013,67,After Tiller (2013),"['drama', 'biography', 'documentary']",92,85
2013,69,Gimme The Loot (2013),"['crime', 'drama']",91,65
2013,70,The Punk Singer (2013),"['biography', 'documentary', 'music']",91,83
2013,71,Much Ado About Nothing (2013),['romance'],86,77
2013,72,The Angels' Share (2013),"['drama', 'comedy']",89,78
2013,73,Iron Man 3 (2013),"['sci fi', 'fantasy', 'action', 'adventure']",79,78
2013,75,Our Nixon (2013),['documentary'],91,74
2013,76,This Is the End (2013),"['comedy', 'fantasy']",83,71
2013,77,Inequality For All (2013),['documentary'],90,88
2013,78,A Place at the Table (2013),['documentary'],90,73
2013,79,Upstream Color (2013),['drama'],86,69
2013,80,The Wolf of Wall Street (2013),"['drama', 'biography', 'comedy']",80,83
2013,83,Prisoners (2013),"['crime', 'mystery and thriller', 'drama']",81,87
2013,84,The Way Way Back (2013),"['drama', 'comedy']",84,84
2013,85,What Maisie Knew (2013),['drama'],87,80
2013,86,Sunshine on Leith (2013),"['romance', 'comedy', 'musical']",90,71
2013,87,Koch (2013),"['biography', 'documentary']",90,76
2013,89,Computer Chess (2013),['comedy'],88,53
2013,92,Narco Cultura (2013),['documentary'],89,77
2013,93,Side Effects (2013),"['drama', 'mystery and thriller']",81,70
2013,94,Saving Mr. Banks (2013),"['drama', 'comedy']",79,84
2013,95,Happy People: A Year in the Taiga (2013),['documentary'],88,77
2013,96,Warm Bodies (2013),"['horror', 'romance']",81,73
2013,97,We Are What We Are (2013),"['drama', 'horror', 'mystery and thriller']",86,50
2014,1,Selma (2014),"['drama', 'history']",99,86
2014,2,Boyhood (2014),['drama'],97,80
2014,4,The LEGO Movie (2014),"['animation', 'comedy', 'kids and family', 'adventure']",96,87
2014,5,Whiplash (2014),"['drama', 'music']",94,94
2014,6,Nightcrawler (2014),"['crime', 'mystery and thriller', 'drama']",95,85
2014,7,Life Itself (2014),['documentary'],98,88
2014,8,Birdman (2014),"['drama', 'comedy']",91,77
2014,9,Guardians of the Galaxy (2014),"['fantasy', 'sci fi', 'comedy', 'adventure', 'action']",92,92
2014,10,The Grand Budapest Hotel (2014),"['drama', 'comedy']",92,86
2014,11,Mr. Turner (2014),"['drama', 'biography', 'history']",97,56
2014,12,Live Die Repeat: Edge of Tomorrow (2014),"['sci fi', 'action']",91,90
2014,13,Snowpiercer (2014),"['sci fi', 'action']",94,72
2014,17,X-Men: Days of Future Past (2014),"['sci fi', 'fantasy', 'action', 'adventure']",90,91
2014,19,Starred Up (2014),"['crime', 'drama']",99,84
2014,20,Dawn Of The Planet Of The Apes (2014),"['sci fi', 'action', 'adventure']",90,88
2014,21,Captain America: The Winter Soldier (2014),"['fantasy', 'action', 'adventure']",90,92
2014,22,Jodorowsky's Dune (2014),['documentary'],98,89
2014,23,Song Of The Sea (2014),"['adventure', 'fantasy', 'animation']",99,92
2014,25,Gone Girl (2014),"['mystery and thriller', 'drama', 'crime']",87,87
2014,27,Citizenfour (2014),['documentary'],96,87
2014,28,Blue Ruin (2014),"['crime', 'mystery and thriller', 'drama']",96,79
2014,30,Ilo Ilo (2014),['drama'],100,78
2014,32,Elaine Stritch: Shoot Me (2014),['documentary'],99,79
2014,35,The Imitation Game (2014),"['drama', 'biography', 'gay and lesbian', 'history']",89,91
2014,37,Love Is Strange (2014),"['drama', 'gay and lesbian']",93,66
2014,38,How to Train Your Dragon 2 (2014),"['fantasy', 'comedy', 'adventure', 'animation', 'kids and family']",92,89
2014,39,The Overnighters (2014),"['drama', 'documentary']",97,85
2014,40,Wild (2014),"['drama', 'biography', 'adventure']",88,75
2014,42,Keep On Keepin' On (2014),['documentary'],98,88
2014,43,Nas: Time Is Illmatic (2014),"['drama', 'biography', 'documentary', 'history']",98,83
2014,44,Locke (2014),['drama'],90,72
2014,45,Finding Vivian Maier (2014),"['biography', 'documentary', 'mystery and thriller']",95,89
2014,46,Frank (2014),"['drama', 'comedy']",92,72
2014,47,Big Hero 6 (2014),"['animation', 'sci fi', 'comedy', 'adventure', 'action', 'kids and family']",89,91
2014,48,"20,000 Days on Earth (2014)",['drama'],95,78
2014,51,Particle Fever (2014),['documentary'],96,83
2014,53,Foxcatcher (2014),"['drama', 'crime']",87,66
2014,54,National Gallery (2014),['documentary'],95,71
2014,55,The Drop (2014),"['crime', 'drama']",89,76
2014,57,Last Days in Vietnam (2014),"['drama', 'documentary', 'war', 'history']",95,84
2014,58,Pride (2014),"['comedy', 'drama', 'gay and lesbian']",91,89
2014,59,Obvious Child (2014),['comedy'],90,72
2014,60,Dear White People (2014),"['drama', 'comedy']",91,61
2014,61,Housebound (2014),"['horror', 'comedy']",95,73
2014,63,Calvary (2014),"['drama', 'comedy']",89,80
2014,64,The Normal Heart (2014),"['gay and lesbian', 'drama']",94,88
2014,66,Under the Skin (2014),['sci fi'],85,55
2014,67,The Guest (2014),"['mystery and thriller', 'comedy']",91,69
2014,69,Le Week-End (2014),"['drama', 'comedy']",89,56
2014,71,The Internet's Own Boy: The Story of Aaron Swartz (2014),['documentary'],93,91
2014,72,John Wick (2014),"['mystery and thriller', 'action']",86,81
2014,73,Chef (2014),"['comedy', 'drama']",87,85
2014,75,She's Beautiful When She's Angry (2014),"['drama', 'documentary', 'history']",93,86
2014,77,Mistaken for Strangers (2014),"['documentary', 'comedy', 'music']",92,85
2014,78,A Most Wanted Man (2014),"['drama', 'mystery and thriller']",86,65
2014,79,Tim's Vermeer (2014),['documentary'],89,86
2014,80,12 O'clock Boys (2014),['documentary'],92,65
2014,81,Only Lovers Left Alive (2014),"['romance', 'horror', 'fantasy', 'sci fi', 'drama']",85,75
2014,83,22 Jump Street (2014),"['action', 'comedy']",84,77
2014,84,The Dog (2014),"['documentary', 'gay and lesbian']",91,69
2014,87,The Skeleton Twins (2014),"['drama', 'gay and lesbian', 'comedy']",86,69
2014,88,Top Five (2014),['comedy'],85,64
2014,90,Art and Craft (2014),['documentary'],91,74
2014,92,The Case Against 8 (2014),"['documentary', 'gay and lesbian']",91,88
2014,93,The Trip To Italy (2014),['comedy'],87,57
2014,94,Night Moves (2014),"['drama', 'mystery and thriller']",86,41
2014,95,Disneynature Bears (2014),['documentary'],90,78
2014,96,Cheap Thrills (2014),"['mystery and thriller', 'comedy']",88,69
2014,98,To Be Takei (2014),"['documentary', 'gay and lesbian']",90,75
2014,99,The Theory of Everything (2014),"['drama', 'biography', 'romance']",80,84
2014,100,Coherence (2014),"['sci fi', 'mystery and thriller']",88,81
2015,1,Mad Max: Fury Road (2015),"['action', 'adventure']",97,86
2015,2,Inside Out (2015),"['animation', 'comedy', 'kids and family', 'fantasy']",98,89
2015,3,Spotlight (2015),['drama'],97,93
2015,4,Star Wars: Episode VII - The Force Awakens (2015),"['fantasy', 'sci fi', 'action', 'adventure']",92,86
2015,6,Creed (2015),['drama'],95,89
2015,7,Mission: Impossible Rogue Nation (2015),"['mystery and thriller', 'action', 'adventure']",94,87
2015,8,Carol (2015),"['gay and lesbian', 'drama', 'romance']",94,74
2015,9,The Martian (2015),"['sci fi', 'drama', 'adventure']",91,91
2015,10,Room (2015),['drama'],93,93
2015,11,Shaun the Sheep Movie (2015),"['animation', 'comedy', 'kids and family', 'adventure']",99,81
2015,12,It Follows (2015),"['horror', 'mystery and thriller']",95,66
2015,13,Spy (2015),"['action', 'comedy']",95,78
2015,14,45 Years (2015),['drama'],97,67
2015,16,Amy (2015),"['biography', 'documentary', 'music']",95,87
2015,17,What We Do In The Shadows (2015),"['horror', 'comedy']",96,86
2015,18,Paddington (2015),"['comedy', 'kids and family', 'adventure']",97,80
2015,19,Ex Machina (2015),"['sci fi', 'mystery and thriller', 'drama']",92,86
2015,20,Sicario (2015),"['crime', 'mystery and thriller', 'drama']",92,85
2015,22,Anomalisa (2015),"['drama', 'comedy', 'animation']",92,71
2015,26,Bridge of Spies (2015),"['drama', 'mystery and thriller', 'history']",90,87
2015,27,Seymour: An Introduction (2015),['documentary'],100,78
2015,28,Tangerine (2015),"['drama', 'comedy']",96,76
2015,29,Iris (2015),"['drama', 'biography', 'documentary', 'history']",98,80
2015,30,"3 And 1/2 Minutes, 10 Bullets (2015)","['crime', 'documentary', 'drama']",100,86
2015,31,The Diary Of A Teenage Girl (2015),['drama'],95,73
2015,33,The Big Short (2015),"['drama', 'comedy']",88,88
2015,35,'71 (2015),"['mystery and thriller', 'action']",96,81
2015,36,Hitchcock/Truffaut (2015),['documentary'],96,76
2015,37,Kurt Cobain: Montage Of Heck (2015),['documentary'],97,81
2015,43,Listen To Me Marlon (2015),['documentary'],96,88
2015,45,Finders Keepers (2015),['documentary'],98,73
2015,46,Heart of a Dog (2015),['documentary'],96,64
2015,48,An Honest Liar (2015),['documentary'],98,89
2015,49,Straight Outta Compton (2015),"['drama', 'biography', 'music']",89,85
2015,51,The Gift (2015),['mystery and thriller'],91,75
2015,54,Going Clear: Scientology and the Prison of Belief (2015),['documentary'],95,90
2015,55,The Forbidden Room (2015),"['drama', 'mystery and thriller', 'comedy']",96,50
2015,56,The End Of The Tour (2015),['drama'],92,81
2015,57,99 Homes (2015),['drama'],92,78
2015,58,A Most Violent Year (2015),"['crime', 'mystery and thriller', 'drama']",89,69
2015,59,Grandma (2015),"['comedy', 'drama']",91,67
2015,60,The Duke Of Burgundy (2015),"['drama', 'gay and lesbian']",94,65
2015,61,Steve Jobs (2015),"['biography', 'drama']",85,73
2015,62,In Jackson Heights (2015),['documentary'],96,78
2015,63,Love & Mercy (2015),"['drama', 'biography']",89,85
2015,64,Best Of Enemies (2015),"['drama', 'biography', 'documentary', 'history']",93,85
2015,65,Welcome To Leith (2015),['documentary'],96,75
2015,66,Beasts of No Nation (2015),"['drama', 'war']",92,92
2015,67,Slow West (2015),"['mystery and thriller', 'western']",92,74
2015,68,Appropriate Behavior (2015),"['comedy', 'gay and lesbian']",95,64
2015,69,Clouds of Sils Maria (2015),['drama'],90,65
2015,70,Janis: Little Girl Blue (2015),['documentary'],94,77
2015,71,The Wrecking Crew (2015),"['documentary', 'music']",94,84
2015,72,I'll See You in My Dreams (2015),"['drama', 'romance', 'comedy']",93,68
2015,73,We Are Still Here (2015),['horror'],95,47
2015,75,Man from Reno (2015),"['crime', 'mystery and thriller', 'drama']",95,80
2015,76,Queen of Earth (2015),"['drama', 'comedy']",93,59
2015,77,Red Army (2015),['documentary'],92,85
2015,78,Trainwreck (2015),['romance'],84,66
2015,79,The Hunting Ground (2015),['documentary'],93,85
2015,80,Mississippi Grind (2015),['drama'],91,55
2015,82,Ant-Man (2015),"['fantasy', 'action', 'comedy', 'adventure']",82,86
2015,83,Mr. Holmes (2015),"['drama', 'mystery and thriller']",88,70
2015,84,Dope (2015),['comedy'],89,83
2015,86,Disneynature Monkey Kingdom (2015),['documentary'],93,76
2015,87,The Lady In The Van (2015),"['comedy', 'drama']",89,64
2015,88,The Peanuts Movie (2015),"['animation', 'comedy', 'kids and family', 'adventure']",87,76
2015,90,James White (2015),['drama'],92,70
2015,91,Bone Tomahawk (2015),"['horror', 'action', 'western', 'comedy']",91,73
2015,92,The Revenant (2015),"['drama', 'western', 'history', 'adventure']",78,84
2015,93,The Black Panthers: Vanguard Of The Revolution (2015),"['drama', 'documentary', 'history']",92,71
2015,94,The Walk (2015),"['drama', 'biography', 'adventure']",83,77
2015,95,Sunshine Superman (2015),['documentary'],92,67
2015,98,Cartel Land (2015),['documentary'],90,82
2015,99,Backcountry (2015),"['drama', 'mystery and thriller', 'adventure']",92,53
2015,100,Furious 7 (2015),"['mystery and thriller', 'action', 'adventure']",82,82
2016,1,Moonlight (2016),"['drama', 'gay and lesbian']",98,79
2016,2,Arrival (2016),"['sci fi', 'mystery and thriller', 'drama']",94,82
2016,3,Manchester by the Sea (2016),['drama'],96,78
2016,4,La La Land (2016),"['drama', 'romance', 'comedy', 'musical']",91,81
2016,5,Zootopia (2016),"['animation', 'comedy', 'kids and family', 'adventure']",98,92
2016,6,Hell or High Water (2016),"['mystery and thriller', 'western', 'crime', 'drama', 'action']",97,88
2016,7,Finding Dory (2016),"['animation', 'comedy', 'kids and family', 'adventure']",94,84
2016,8,The Jungle Book (2016),"['fantasy', 'action', 'kids and family', 'adventure']",94,86
2016,9,Captain America: Civil War (2016),"['fantasy', 'action', 'adventure']",90,89
2016,10,Paterson (2016),"['drama', 'comedy']",96,72
2016,11,Moana (2016),"['musical', 'comedy', 'animation', 'adventure', 'kids and family']",95,89
2016,12,Kubo and the Two Strings (2016),"['adventure', 'fantasy', 'animation', 'action', 'kids and family']",97,86
2016,13,Love & Friendship (2016),['comedy'],97,60
2016,16,Doctor Strange (2016),"['fantasy', 'action', 'adventure']",89,85
2016,17,Weiner (2016),['documentary'],97,83
2016,18,The Nice Guys (2016),"['mystery and thriller', 'action', 'comedy']",91,79
2016,19,Eye In The Sky (2016),"['drama', 'war', 'mystery and thriller']",95,82
2016,21,The Witch (2016),"['horror', 'mystery and thriller', 'drama', 'history']",90,59
2016,22,Sing Street (2016),"['comedy', 'romance', 'music', 'drama']",95,92
2016,23,Don't Think Twice (2016),"['drama', 'comedy']",98,69
2016,24,Cameraperson (2016),['documentary'],99,68
2016,25,Fences (2016),['drama'],92,75
2016,26,10 Cloverfield Lane (2016),['mystery and thriller'],90,79
2016,27,Rogue One: A Star Wars Story (2016),"['sci fi', 'fantasy', 'action', 'adventure']",84,86
2016,28,Tower (2016),['documentary'],99,89
2016,29,The Edge of Seventeen (2016),"['drama', 'comedy']",94,83
2016,30,Little Men (2016),['drama'],97,63
2016,37,Jackie (2016),"['drama', 'biography', 'history']",87,60
2016,38,Queen of Katwe (2016),"['drama', 'biography']",94,87
2016,41,The Fits (2016),['drama'],97,54
2016,42,13th (2016),['documentary'],97,90
2016,44,Loving (2016),"['drama', 'biography', 'history']",88,76
2016,45,The Beatles: Eight Days a Week - The Touring Years (2016),"['documentary', 'music']",96,89
2016,46,"Hail, Caesar! (2016)",['comedy'],85,44
2016,48,Green Room (2016),"['horror', 'mystery and thriller']",90,75
2016,49,Certain Women (2016),['drama'],92,51
2016,50,Almost Holy (Crocodile Gennadiy) (2016),['documentary'],98,81
2016,52,Deadpool (2016),"['fantasy', 'action', 'comedy', 'adventure']",85,90
2016,54,The Love Witch (2016),"['horror', 'comedy', 'drama']",95,61
2016,55,The Dark Horse (2016),"['drama', 'biography']",97,77
2016,56,Gimme Danger (2016),"['documentary', 'music']",95,70
2016,57,Sully (2016),"['drama', 'biography']",85,84
2016,65,Star Trek Beyond (2016),"['sci fi', 'fantasy', 'action', 'adventure']",86,80
2016,66,"Lo and Behold, Reveries of the Connected World (2016)",['documentary'],93,68
2016,69,"Life, Animated (2016)",['documentary'],94,81
2016,70,Gleason (2016),['documentary'],96,90
2016,71,Tickled (2016),"['documentary', 'mystery and thriller', 'gay and lesbian']",94,86
2016,72,Southside With You (2016),"['drama', 'biography', 'romance']",92,71
2016,73,De Palma (2016),['documentary'],94,86
2016,74,The Eagle Huntress (2016),['documentary'],93,86
2016,75,Pete's Dragon (2016),"['adventure', 'kids and family', 'fantasy']",88,72
2016,76,Krisha (2016),"['drama', 'other']",95,77
2016,77,The Lobster (2016),"['drama', 'romance', 'sci fi', 'fantasy']",87,65
2016,78,Don't Breathe (2016),"['horror', 'mystery and thriller']",88,78
2016,79,A Bigger Splash (2016),"['drama', 'mystery and thriller']",90,58
2016,80,Everybody Wants Some!! (2016),['comedy'],87,68
2016,81,The Little Prince (2016),"['fantasy', 'animation', 'adventure']",93,84
2016,82,Florence Foster Jenkins (2016),"['drama', 'biography', 'music', 'comedy']",87,68
2016,84,Command and Control (2016),['documentary'],95,75
2016,86,Nuts! (2016),['documentary'],94,78
2016,88,Hacksaw Ridge (2016),"['drama', 'biography', 'war', 'history']",84,91
2016,91,I Am Not a Serial Killer (2016),['mystery and thriller'],93,61
2016,92,Lion (2016),"['drama', 'biography']",84,91
2016,93,Eat That Question: Frank Zappa in His Own Words (2016),"['documentary', 'music']",92,73
2016,94,Zero Days (2016),['documentary'],92,75
2016,98,Hush (2016),"['horror', 'mystery and thriller']",93,73
2016,99,Maggie's Plan (2016),['romance'],87,52
2017,1,Lady Bird (2017),"['drama', 'comedy']",99,79
2017,2,Get Out (2017),"['horror', 'mystery and thriller', 'comedy']",98,86
2017,3,Wonder Woman (2017),"['fantasy', 'action', 'adventure']",93,83
2017,4,Dunkirk (2017),"['drama', 'war', 'history']",93,81
2017,5,Coco (2017),"['comedy', 'animation', 'music', 'adventure', 'kids and family']",97,94
2017,6,The Shape of Water (2017),"['romance', 'fantasy']",92,72
2017,7,Thor: Ragnarok (2017),"['fantasy', 'sci fi', 'comedy', 'adventure', 'action']",93,87
2017,8,Logan (2017),"['fantasy', 'action', 'adventure']",93,90
2017,9,The Big Sick (2017),['romance'],98,88
2017,10,Star Wars: The Last Jedi (2017),"['sci fi', 'fantasy', 'action', 'adventure']",90,42
2017,11,War for the Planet of the Apes (2017),"['sci fi', 'action', 'adventure']",94,84
2017,12,The Florida Project (2017),['drama'],96,80
2017,13,Spider-Man: Homecoming (2017),"['fantasy', 'action', 'comedy', 'adventure']",92,87
2017,14,Baby Driver (2017),"['mystery and thriller', 'action']",92,86
2017,15,"Three Billboards Outside Ebbing, Missouri (2017)","['crime', 'comedy', 'drama']",90,87
2017,16,I Am Not Your Negro (2017),['documentary'],99,83
2017,17,Blade Runner 2049 (2017),"['sci fi', 'mystery and thriller']",88,81
2017,18,Hidden Figures (2017),"['drama', 'history']",93,93
2017,19,The Disaster Artist (2017),"['comedy', 'drama']",91,85
2017,20,Mudbound (2017),"['drama', 'history']",97,84
2017,24,Logan Lucky (2017),"['crime', 'comedy', 'drama']",92,76
2017,25,The Lego Batman Movie (2017),"['adventure', 'comedy', 'animation', 'action', 'kids and family']",90,80
2017,26,Guardians of the Galaxy Vol. 2 (2017),"['fantasy', 'sci fi', 'comedy', 'adventure', 'action']",85,87
2017,28,Lucky (2017),"['drama', 'comedy']",97,81
2017,31,A Ghost Story (2017),"['drama', 'romance', 'fantasy']",91,66
2017,32,It (2017),"['horror', 'mystery and thriller']",86,84
2017,34,Good Time (2017),"['crime', 'mystery and thriller', 'drama']",92,81
2017,35,Jane (2017),['documentary'],98,84
2017,36,Columbus (2017),['drama'],97,79
2017,37,City of Ghosts (2017),"['documentary', 'war']",98,82
2017,38,Dawson City: Frozen Time (2017),"['drama', 'documentary', 'history']",100,68
2017,39,The Work (2017),['documentary'],100,86
2017,40,Bright Lights: Starring Carrie Fisher and Debbie Reynolds (2017),['documentary'],100,86
2017,43,Strong Island (2017),['documentary'],100,56
2017,44,Whose Streets? (2017),['documentary'],98,74
2017,46,John Wick: Chapter 2 (2017),"['mystery and thriller', 'action']",89,85
2017,49,Quest (2017),"['documentary', 'music']",98,74
2017,50,Step (2017),['documentary'],96,79
2017,52,Dina (2017),['documentary'],98,82
2017,55,The Meyerowitz Stories (New and Selected) (2017),['comedy'],92,72
2017,58,Bombshell: The Hedy Lamarr Story (2017),['documentary'],96,85
2017,59,Ex Libris: New York Public Library (2017),['documentary'],97,59
2017,61,A Quiet Passion (2017),"['drama', 'biography', 'history']",92,48
2017,63,The Last Laugh (2017),['documentary'],98,75
2017,64,Dolores (2017),['documentary'],98,
2017,66,The Breadwinner (2017),"['animation', 'drama']",95,87
2017,68,The B-Side: Elsa Dorfman's Portrait Photography (2017),['documentary'],97,67
2017,69,Wind River (2017),"['crime', 'mystery and thriller', 'drama']",88,90
2017,70,Battle of the Sexes (2017),"['drama', 'comedy']",85,71
2017,71,Girls Trip (2017),['comedy'],91,78
2017,72,Stronger (2017),"['drama', 'biography']",90,80
2017,73,It Comes At Night (2017),"['horror', 'mystery and thriller']",87,44
2017,74,I Called Him Morgan (2017),['documentary'],96,81
2017,75,Darkest Hour (2017),"['drama', 'biography', 'war', 'history']",84,82
2017,76,Trophy (2017),['documentary'],96,80
2017,77,The Lost City of Z (2017),"['history', 'biography', 'adventure', 'drama']",87,57
2017,78,20th Century Women (2017),"['drama', 'comedy']",88,74
2017,80,A Monster Calls (2017),"['adventure', 'fantasy', 'drama']",86,81
2017,82,Their Finest (2017),"['drama', 'romance', 'history']",90,71
2017,83,Citizen Jane: Battle for the City (2017),['documentary'],95,67
2017,85,American Made (2017),"['drama', 'comedy', 'adventure']",85,78
2017,87,Princess Cyd (2017),"['drama', 'romance', 'gay and lesbian']",95,80
2017,89,Lady Macbeth (2017),"['drama', 'history']",88,71
2017,90,Okja (2017),"['mystery and thriller', 'fantasy', 'sci fi', 'adventure', 'drama']",86,81
2017,91,Gook (2017),"['drama', 'comedy']",94,84
2017,92,Human Flow (2017),['documentary'],91,81
2017,93,Abacus: Small Enough to Jail (2017),['documentary'],93,85
2017,94,All This Panic (2017),['documentary'],94,68
2017,95,Silence (2017),"['drama', 'history']",83,69
2017,96,Maudie (2017),"['drama', 'biography', 'history', 'romance']",89,88
2017,98,Detroit (2017),"['drama', 'crime']",82,79
2017,99,Obit (2017),['documentary'],93,77
2017,100,Professor Marston & The Wonder Women (2017),"['drama', 'biography', 'history']",87,77
2018,1,Black Panther (2018),"['fantasy', 'action', 'adventure']",96,79
2018,2,Mission: Impossible - Fallout (2018),"['mystery and thriller', 'action', 'adventure']",97,88
2018,3,BlacKkKlansman (2018),"['drama', 'crime', 'comedy']",96,83
2018,4,Spider-Man: Into the Spider-Verse (2018),"['animation', 'fantasy', 'comedy', 'adventure', 'action', 'kids and family']",97,93
2018,5,A Star Is Born (2018),"['drama', 'romance', 'music']",90,79
2018,6,A Quiet Place (2018),"['horror', 'mystery and thriller']",96,83
2018,7,Eighth Grade (2018),"['drama', 'comedy']",99,82
2018,9,Can You Ever Forgive Me? (2018),"['drama', 'biography', 'gay and lesbian', 'comedy']",98,81
2018,12,Leave No Trace (2018),['drama'],100,81
2018,13,Incredibles 2 (2018),"['animation', 'comedy', 'adventure', 'kids and family', 'action']",93,84
2018,14,Call Me by Your Name (2018),"['drama', 'romance', 'gay and lesbian']",94,86
2018,15,Widows (2018),"['crime', 'mystery and thriller', 'drama']",91,61
2018,17,Won't You Be My Neighbor? (2018),['documentary'],97,94
2018,18,First Man (2018),"['drama', 'biography', 'history', 'adventure']",87,67
2018,19,"I, Tonya (2018)","['drama', 'biography', 'comedy']",90,88
2018,20,Crazy Rich Asians (2018),['romance'],91,76
2018,21,The Hate U Give (2018),"['crime', 'drama']",97,83
2018,22,Phantom Thread (2018),"['drama', 'romance']",91,71
2018,23,Sorry to Bother You (2018),"['sci fi', 'comedy', 'fantasy']",93,70
2018,24,Avengers: Infinity War (2018),"['sci fi', 'fantasy', 'action', 'adventure']",85,91
2018,25,Ant-Man and the Wasp (2018),"['action', 'comedy', 'adventure', 'fantasy']",87,75
2018,26,Isle of Dogs (2018),"['comedy', 'animation', 'adventure']",90,87
2018,27,The Post (2018),"['drama', 'history']",88,73
2018,28,Hereditary (2018),"['mystery and thriller', 'horror']",89,67
2018,29,The Death of Stalin (2018),['comedy'],95,78
2018,30,Minding the Gap (2018),['documentary'],100,92
2018,31,The Rider (2018),"['drama', 'western']",97,82
2018,32,Three Identical Strangers (2018),"['biography', 'mystery and thriller', 'documentary', 'drama', 'history']",97,88
2018,33,The Old Man & the Gun (2018),"['drama', 'mystery and thriller', 'comedy']",93,62
2018,37,Free Solo (2018),['documentary'],97,93
2018,38,First Reformed (2018),"['drama', 'mystery and thriller']",93,68
2018,40,Searching (2018),['mystery and thriller'],92,87
2018,43,Deadpool 2 (2018),"['fantasy', 'action', 'comedy', 'adventure']",84,85
2018,44,Shirkers (2018),['documentary'],100,78
2018,46,Wildlife (2018),['drama'],93,73
2018,47,Annihilation (2018),"['sci fi', 'mystery and thriller', 'adventure']",88,66
2018,48,The Tale (2018),['drama'],99,82
2018,50,Bumblebee (2018),"['action', 'adventure', 'sci fi']",91,74
2018,53,Blindspotting (2018),"['drama', 'comedy']",94,87
2018,55,"Love, Simon (2018)","['gay and lesbian', 'drama', 'romance']",91,88
2018,57,Mandy (2018),"['mystery and thriller', 'horror']",90,66
2018,58,RBG (2018),['documentary'],93,79
2018,61,The Cakemaker (2018),"['drama', 'gay and lesbian']",98,81
2018,62,Ralph Breaks the Internet (2018),"['animation', 'comedy', 'kids and family', 'adventure']",88,65
2018,64,Science Fair (2018),['documentary'],97,84
2018,65,Oh Lucy! (2018),"['drama', 'comedy']",98,83
2018,66,Night Comes On (2018),['drama'],98,78
2018,68,"Hale County This Morning, This Evening (2018)",['documentary'],97,39
2018,70,Rodents of Unusual Size (2018),['documentary'],98,91
2018,71,Pick of the Litter (2018),['documentary'],97,91
2018,73,Tully (2018),"['drama', 'comedy']",87,74
2018,74,Leaning Into the Wind (2018),['documentary'],98,65
2018,75,Thunder Road (2018),"['drama', 'comedy']",96,92
2018,76,I Am Not a Witch (2018),['drama'],96,75
2018,77,The Ballad of Buster Scruggs (2018),"['comedy', 'drama', 'western']",89,77
2018,79,Hearts Beat Loud (2018),"['drama', 'music', 'comedy']",92,73
2018,80,Blaze (2018),"['drama', 'biography', 'music']",95,67
2018,81,To All the Boys I've Loved Before (2018),"['drama', 'romance']",96,86
2018,82,Revenge (2018),['mystery and thriller'],93,57
2018,83,Filmworker (2018),['documentary'],95,85
2018,84,Private Life (2018),"['drama', 'comedy']",94,78
2018,87,On Her Shoulders (2018),['documentary'],96,85
2018,88,1985 (2018),"['drama', 'gay and lesbian']",96,81
2018,89,Dark Money (2018),['documentary'],96,64
2018,92,Support the Girls (2018),['comedy'],91,61
2018,94,The Endless (2018),"['horror', 'mystery and thriller', 'sci fi']",92,67
2018,95,American Animals (2018),"['crime', 'mystery and thriller', 'drama']",88,81
2018,96,CAM (2018),"['horror', 'mystery and thriller']",93,53
2018,97,Creed II (2018),['drama'],83,79
2018,98,Teen Titans Go! To the Movies (2018),"['adventure', 'comedy', 'animation', 'action', 'kids and family']",91,71
2018,99,Colette (2018),"['drama', 'biography', 'history']",87,69
2018,100,Outside In (2018),['drama'],95,76
2019,2,Avengers: Endgame (2019),"['sci fi', 'fantasy', 'action', 'adventure']",94,90
2019,3,Knives Out (2019),"['drama', 'crime', 'mystery and thriller', 'comedy']",97,92
2019,4,Us (2019),"['horror', 'mystery and thriller']",93,59
2019,5,Toy Story 4 (2019),"['fantasy', 'comedy', 'animation', 'adventure', 'kids and family']",97,94
2019,6,The Irishman (2019),"['drama', 'crime']",95,86
2019,7,Little Women (2019),['drama'],95,92
2019,8,The Farewell (2019),"['drama', 'comedy']",98,87
2019,9,Booksmart (2019),"['gay and lesbian', 'comedy']",96,77
2019,10,A Beautiful Day in the Neighborhood (2019),"['drama', 'biography']",95,92
2019,11,Marriage Story (2019),"['drama', 'comedy']",94,85
2019,12,Spider-Man: Far From Home (2019),"['fantasy', 'action', 'comedy', 'adventure']",91,95
2019,13,If Beale Street Could Talk (2019),"['crime', 'romance', 'drama']",95,71
2019,14,Once Upon a Time In Hollywood (2019),"['drama', 'comedy']",85,70
2019,16,Shazam! (2019),"['fantasy', 'action', 'comedy', 'adventure']",90,82
2019,17,Ford v Ferrari (2019),"['drama', 'biography', 'history']",92,98
2019,18,Dolemite Is My Name (2019),"['drama', 'biography', 'comedy']",97,91
2019,19,The Lighthouse (2019),"['drama', 'mystery and thriller']",90,72
2019,20,Uncut Gems (2019),"['mystery and thriller', 'comedy']",92,52
2019,21,Apollo 11 (2019),"['drama', 'documentary', 'history']",99,90
2019,22,Rocketman (2019),"['drama', 'biography', 'gay and lesbian', 'musical']",89,88
2019,23,Amazing Grace (2019),"['documentary', 'music']",99,80
2019,27,John Wick: Chapter 3 - Parabellum (2019),"['mystery and thriller', 'action']",89,86
2019,28,The Peanut Butter Falcon (2019),"['drama', 'comedy', 'adventure']",95,96
2019,29,Honey Boy (2019),['drama'],94,92
2019,31,Knock Down the House (2019),['documentary'],99,11
2019,33,Captain Marvel (2019),"['sci fi', 'fantasy', 'action', 'adventure']",79,45
2019,35,Maiden (2019),['documentary'],98,97
2019,36,Fighting with My Family (2019),"['drama', 'biography', 'comedy']",92,86
2019,38,Hustlers (2019),"['drama', 'comedy']",87,65
2019,39,One Child Nation (2019),['documentary'],98,86
2019,42,How to Train Your Dragon: The Hidden World (2019),"['fantasy', 'comedy', 'animation', 'adventure', 'kids and family']",90,86
2019,43,Chained for Life (2019),['drama'],100,58
2019,47,Ready or Not (2019),"['horror', 'mystery and thriller', 'comedy']",88,78
2019,49,Stan & Ollie (2019),"['history', 'comedy', 'biography', 'drama']",92,84
2019,50,Midnight Traveler (2019),"['documentary', 'war']",100,82
2019,51,Mickey and the Bear (2019),['drama'],100,74
2019,52,Deadwood: The Movie (2019),['western'],98,83
2019,54,Hail Satan? (2019),['documentary'],96,85
2019,56,"Scream, Queen! My Nightmare on Elm Street (2019)","['documentary', 'gay and lesbian']",100,94
2019,58,Toni Morrison: The Pieces I Am (2019),['documentary'],97,96
2019,59,The Last Black Man in San Francisco (2019),['drama'],92,84
2019,60,Midsommar (2019),"['horror', 'mystery and thriller']",83,63
2019,61,The Mustang (2019),['drama'],95,74
2019,62,Blinded by the Light (2019),"['comedy', 'music', 'drama']",89,91
2019,63,Wild Rose (2019),"['comedy', 'music', 'drama']",92,87
2019,64,Bad Education (2019),"['comedy', 'drama']",94,84
2019,65,Ad Astra (2019),"['sci fi', 'mystery and thriller', 'adventure']",83,40
2019,70,Dark Waters (2019),"['drama', 'mystery and thriller']",90,95
2019,71,Gloria Bell (2019),['romance'],91,46
2019,74,American Factory (2019),['documentary'],96,80
2019,75,Fiddler: A Miracle of Miracles (2019),"['documentary', 'music']",98,98
2019,76,Making Waves: The Art of Cinematic Sound (2019),['documentary'],97,92
2019,80,The Kingmaker (2019),['documentary'],97,90
2019,81,"Love, Antosha (2019)",['documentary'],97,95
2019,83,Harpoon (2019),"['mystery and thriller', 'comedy']",97,58
2019,84,Jojo Rabbit (2019),"['drama', 'comedy']",80,94
2019,85,Little Woods (2019),['drama'],95,54
2019,86,The Two Popes (2019),['drama'],89,88
2019,88,Mike Wallace Is Here (2019),"['biography', 'documentary']",95,86
2019,90,Be Natural: The Untold Story of Alice Guy-Blaché (2019),['documentary'],95,97
2019,91,Monos (2019),"['mystery and thriller', 'adventure']",92,85
2019,92,Clemency (2019),['drama'],92,65
2019,96,Citizen K (2019),['documentary'],95,67
2019,97,The LEGO Movie 2: The Second Part (2019),"['animation', 'comedy', 'adventure', 'kids and family', 'action']",84,68
2019,99,The Mortuary Collection (2019),"['horror', 'fantasy']",95,76
2019,100,Raise Hell: The Life & Times of Molly Ivins (2019),['documentary'],95,100
2020,2,One Night in Miami (2020),['drama'],98,83
2020,3,The Invisible Man (2020),"['horror', 'mystery and thriller']",92,88
2020,4,Soul (2020),"['comedy', 'animation', 'kids and family', 'adventure']",96,88
2020,5,1917 (2020),"['drama', 'war', 'history']",89,88
2020,6,Ma Rainey's Black Bottom (2020),"['history', 'music', 'drama']",98,76
2020,7,Never Rarely Sometimes Always (2020),['drama'],99,20
2020,8,Hamilton (2020),['musical'],98,90
2020,9,Sound of Metal (2020),"['music', 'drama']",96,91
2020,10,Wolfwalkers (2020),"['animation', 'fantasy', 'adventure']",99,100
2020,11,Promising Young Woman (2020),"['mystery and thriller', 'comedy']",91,87
2020,12,Nomadland (2020),['drama'],95,
2020,13,Da 5 Bloods (2020),"['war', 'drama']",92,53
2020,14,Miss Juneteenth (2020),['drama'],99,57
2020,16,Crip Camp: A Disability Revolution (2020),['documentary'],100,92
2020,17,The Trial of the Chicago 7 (2020),"['history', 'drama']",90,91
2020,19,Palm Springs (2020),['romance'],94,88
2020,20,David Byrne's American Utopia (2020),['musical'],98,84
2020,21,Onward (2020),"['animation', 'comedy', 'kids and family', 'adventure', 'fantasy']",88,95
2020,22,Dick Johnson Is Dead (2020),['documentary'],100,79
2020,26,Saint Frances (2020),"['drama', 'comedy']",99,79
2020,27,The Vast of Night (2020),"['mystery and thriller', 'fantasy']",92,65
2020,28,The Forty-Year-Old Version (2020),"['comedy', 'music', 'drama']",98,68
2020,29,Blow the Man Down (2020),"['drama', 'comedy']",98,74
2020,30,Time (2020),['documentary'],98,45
2020,31,Driveways (2020),['drama'],100,87
2020,32,Totally Under Control (2020),['documentary'],99,85
2020,33,Minari (2020),['drama'],98,
2020,35,All In: The Fight for Democracy (2020),['documentary'],100,72
2020,36,First Cow (2020),"['drama', 'western']",95,60
2020,37,Mucho Mucho Amor: The Legend of Walter Mercado (2020),['documentary'],100,93
2020,38,Athlete A (2020),['documentary'],100,93
2020,39,The Assistant (2020),['drama'],92,25
2020,40,City Hall (2020),['documentary'],100,78
2020,42,Possessor: Uncut (2020),"['sci fi', 'horror', 'mystery and thriller']",93,59
2020,44,On the Record (2020),['documentary'],99,80
2020,45,Relic (2020),"['drama', 'horror']",92,49
2020,47,Slay the Dragon (2020),['documentary'],100,71
2020,48,Rewind (2020),"['drama', 'documentary']",100,96
2020,50,A Secret Love (2020),"['drama', 'documentary', 'gay and lesbian']",100,94
2020,52,Coup 53 (2020),['documentary'],100,87
2020,53,The Painter and the Thief (2020),['documentary'],97,85
2020,54,Coded Bias (2020),['documentary'],100,
2020,56,The Half of It (2020),"['gay and lesbian', 'romance']",97,81
2020,57,The Fight (2020),['documentary'],98,69
2020,58,Farewell Amor (2020),['drama'],98,71
2020,60,Boys State (2020),['documentary'],94,91
2020,62,Circus of Books (2020),"['biography', 'documentary', 'gay and lesbian']",98,81
2020,65,Anything for Jackson (2020),['horror'],98,72
2020,66,Spontaneous (2020),"['comedy', 'horror']",98,69
2020,68,Disclosure (2020),['documentary'],98,87
2020,69,The Swerve (2020),['drama'],98,71
2020,71,Enola Holmes (2020),['mystery and thriller'],91,57
2020,73,The Go-Go's (2020),"['documentary', 'music']",98,93
2020,74,Fourteen (2020),['drama'],98,62
2020,77,Fireball: Visitors from Darker Worlds (2020),['documentary'],98,65
2020,79,Feels Good Man (2020),['documentary'],96,82
2020,82,John Lewis: Good Trouble (2020),['documentary'],96,69
2020,84,Borat: Subsequent Moviefilm (2020),['comedy'],85,65
2020,87,Shithouse (2020),['comedy'],96,
2020,88,"Yes, God, Yes (2020)",['comedy'],93,67
2020,89,Blood on Her Name (2020),"['crime', 'mystery and thriller', 'drama']",96,54
2020,90,Shirley (2020),"['drama', 'mystery and thriller']",87,55
2020,91,Zappa (2020),"['documentary', 'music']",96,72
2020,92,On The Rocks (2020),['comedy'],86,50
2020,93,Birds of Prey (And the Fantabulous Emancipation of One Harley Quinn) (2020),"['action', 'comedy']",78,78
2020,94,The Bee Gees: How Can You Mend a Broken Heart (2020),"['music', 'documentary']",96,93
2020,95,Class Action Park (2020),['documentary'],96,80
2020,96,Mank (2020),"['history', 'biography', 'drama']",83,61
2020,97,Sylvie's Love (2020),"['drama', 'romance', 'music']",93,79
2020,98,Just Mercy (2020),['drama'],84,99
2020,99,Dating Amber (2020),"['comedy', 'drama', 'gay and lesbian']",96,85
2020,100,Red Penguins (2020),['documentary'],96,90
